scenario,level,cluster,name,year,metric,value
low,line,c1,meat,2028,volume,135.0
low,line,c1,meat,2028,gross_output,388800.0
low,line,c1,meat,2028,value_added,66096.0
low,line,c1,meat,2028,indirect_va,34058.88
low,line,c1,meat,2028,induced_va,4522.043076923078
low,line,c1,meat,2028,total_va,104676.92307692308
low,line,c1,meat,2028,household_income,47104.61538461538
low,line,c1,meat,2028,import_substitution,19440.0
low,line,c1,meat,2028,exports,369360.0
low,line,c1,meat,2028,imported_inputs,38880.0
low,line,c1,meat,2028,forgone_exports,267300.0
low,line,c1,meat,2028,net_fx,82620.0
low,line,c1,meat,2028,jobs,3.5999999999999996
low,line,c1,meat,2028,investment,1875000.0
low,line,c1,meat,2028,capital_goods_imports,1593750.0
low,line,c1,meat,2028,tax_gross,2616.923076923077
low,line,c1,meat,2028,customs_forgone,1166.3999999999999
low,line,c1,meat,2028,tax_revenue,1450.5230769230773
low,line,c1,meat,2029,volume,855.0
low,line,c1,meat,2029,gross_output,2462400.0
low,line,c1,meat,2029,value_added,418608.0
low,line,c1,meat,2029,indirect_va,215706.24000000002
low,line,c1,meat,2029,induced_va,28639.606153846158
low,line,c1,meat,2029,total_va,662953.8461538461
low,line,c1,meat,2029,household_income,298329.23076923075
low,line,c1,meat,2029,import_substitution,123120.0
low,line,c1,meat,2029,exports,2339280.0
low,line,c1,meat,2029,imported_inputs,246240.0
low,line,c1,meat,2029,forgone_exports,1692900.0
low,line,c1,meat,2029,net_fx,523260.0
low,line,c1,meat,2029,jobs,14.399999999999999
low,line,c1,meat,2029,investment,5625000.000000001
low,line,c1,meat,2029,capital_goods_imports,4781250.000000001
low,line,c1,meat,2029,tax_gross,16573.846153846152
low,line,c1,meat,2029,customs_forgone,7387.2
low,line,c1,meat,2029,tax_revenue,9186.646153846152
low,line,c1,meat,2030,volume,2340.0
low,line,c1,meat,2030,gross_output,6739200.0
low,line,c1,meat,2030,value_added,1145664.0
low,line,c1,meat,2030,indirect_va,590353.92
low,line,c1,meat,2030,induced_va,78382.08000000002
low,line,c1,meat,2030,total_va,1814400.0
low,line,c1,meat,2030,household_income,816480.0
low,line,c1,meat,2030,import_substitution,336960.0
low,line,c1,meat,2030,exports,6402240.0
low,line,c1,meat,2030,imported_inputs,673920.0
low,line,c1,meat,2030,forgone_exports,4633200.0
low,line,c1,meat,2030,net_fx,1432080.0
low,line,c1,meat,2030,jobs,28.799999999999997
low,line,c1,meat,2030,investment,7500000.0
low,line,c1,meat,2030,capital_goods_imports,6375000.0
low,line,c1,meat,2030,tax_gross,45360.0
low,line,c1,meat,2030,customs_forgone,20217.6
low,line,c1,meat,2030,tax_revenue,25142.4
low,line,c1,meat,2031,volume,4140.0
low,line,c1,meat,2031,gross_output,11923200.0
low,line,c1,meat,2031,value_added,2026944.0000000002
low,line,c1,meat,2031,indirect_va,1044472.3200000001
low,line,c1,meat,2031,induced_va,138675.98769230774
low,line,c1,meat,2031,total_va,3210092.307692308
low,line,c1,meat,2031,household_income,1444541.5384615387
low,line,c1,meat,2031,import_substitution,596160.0
low,line,c1,meat,2031,exports,11327040.0
low,line,c1,meat,2031,imported_inputs,1192320.0
low,line,c1,meat,2031,forgone_exports,8197200.0
low,line,c1,meat,2031,net_fx,2533680.0
low,line,c1,meat,2031,jobs,43.199999999999996
low,line,c1,meat,2031,investment,7499999.999999999
low,line,c1,meat,2031,capital_goods_imports,6374999.999999999
low,line,c1,meat,2031,tax_gross,80252.3076923077
low,line,c1,meat,2031,customs_forgone,35769.6
low,line,c1,meat,2031,tax_revenue,44482.707692307704
low,line,c1,meat,2032,volume,5940.0
low,line,c1,meat,2032,gross_output,17107200.0
low,line,c1,meat,2032,value_added,2908224.0
low,line,c1,meat,2032,indirect_va,1498590.72
low,line,c1,meat,2032,induced_va,198969.8953846154
low,line,c1,meat,2032,total_va,4605784.615384615
low,line,c1,meat,2032,household_income,2072603.0769230768
low,line,c1,meat,2032,import_substitution,855360.0
low,line,c1,meat,2032,exports,16251840.0
low,line,c1,meat,2032,imported_inputs,1710720.0
low,line,c1,meat,2032,forgone_exports,11761200.0
low,line,c1,meat,2032,net_fx,3635280.0
low,line,c1,meat,2032,jobs,57.599999999999994
low,line,c1,meat,2032,investment,7500000.000000002
low,line,c1,meat,2032,capital_goods_imports,6375000.000000002
low,line,c1,meat,2032,tax_gross,115144.61538461538
low,line,c1,meat,2032,customs_forgone,51321.6
low,line,c1,meat,2032,tax_revenue,63823.01538461538
low,line,c1,tanning,2028,volume,12375.000000000002
low,line,c1,tanning,2028,gross_output,22275.000000000004
low,line,c1,tanning,2028,value_added,7796.250000000001
low,line,c1,tanning,2028,indirect_va,1336.5000000000005
low,line,c1,tanning,2028,induced_va,412.34824414715735
low,line,c1,tanning,2028,total_va,9545.098244147159
low,line,c1,tanning,2028,household_income,4295.2942098662215
low,line,c1,tanning,2028,import_substitution,2227.5000000000005
low,line,c1,tanning,2028,exports,20047.500000000004
low,line,c1,tanning,2028,imported_inputs,8910.000000000002
low,line,c1,tanning,2028,forgone_exports,7425.000000000001
low,line,c1,tanning,2028,net_fx,5940.000000000001
low,line,c1,tanning,2028,jobs,13.499999999999998
low,line,c1,tanning,2028,investment,675000.0
low,line,c1,tanning,2028,capital_goods_imports,573750.0
low,line,c1,tanning,2028,tax_gross,238.62745610367898
low,line,c1,tanning,2028,customs_forgone,133.65000000000003
low,line,c1,tanning,2028,tax_revenue,104.97745610367895
low,line,c1,tanning,2029,volume,78375.00000000001
low,line,c1,tanning,2029,gross_output,141075.00000000003
low,line,c1,tanning,2029,value_added,49376.25000000001
low,line,c1,tanning,2029,indirect_va,8464.500000000004
low,line,c1,tanning,2029,induced_va,2611.5388795986637
low,line,c1,tanning,2029,total_va,60452.28887959868
low,line,c1,tanning,2029,household_income,27203.52999581941
low,line,c1,tanning,2029,import_substitution,14107.500000000004
low,line,c1,tanning,2029,exports,126967.50000000003
low,line,c1,tanning,2029,imported_inputs,56430.000000000015
low,line,c1,tanning,2029,forgone_exports,47025.00000000001
low,line,c1,tanning,2029,net_fx,37620.00000000001
low,line,c1,tanning,2029,jobs,53.99999999999999
low,line,c1,tanning,2029,investment,2025000.0000000002
low,line,c1,tanning,2029,capital_goods_imports,1721250.0000000002
low,line,c1,tanning,2029,tax_gross,1511.307221989967
low,line,c1,tanning,2029,customs_forgone,846.4500000000002
low,line,c1,tanning,2029,tax_revenue,664.8572219899669
low,line,c1,tanning,2030,volume,214500.00000000003
low,line,c1,tanning,2030,gross_output,386100.00000000006
low,line,c1,tanning,2030,value_added,135135.0
low,line,c1,tanning,2030,indirect_va,23166.000000000007
low,line,c1,tanning,2030,induced_va,7147.369565217392
low,line,c1,tanning,2030,total_va,165448.3695652174
low,line,c1,tanning,2030,household_income,74451.76630434784
low,line,c1,tanning,2030,import_substitution,38610.00000000001
low,line,c1,tanning,2030,exports,347490.00000000006
low,line,c1,tanning,2030,imported_inputs,154440.00000000003
low,line,c1,tanning,2030,forgone_exports,128700.00000000001
low,line,c1,tanning,2030,net_fx,102960.00000000001
low,line,c1,tanning,2030,jobs,107.99999999999999
low,line,c1,tanning,2030,investment,2700000.0
low,line,c1,tanning,2030,capital_goods_imports,2295000.0
low,line,c1,tanning,2030,tax_gross,4136.209239130435
low,line,c1,tanning,2030,customs_forgone,2316.6000000000004
low,line,c1,tanning,2030,tax_revenue,1819.6092391304346
low,line,c1,tanning,2031,volume,379500.00000000006
low,line,c1,tanning,2031,gross_output,683100.0000000001
low,line,c1,tanning,2031,value_added,239085.00000000003
low,line,c1,tanning,2031,indirect_va,40986.000000000015
low,line,c1,tanning,2031,induced_va,12645.346153846158
low,line,c1,tanning,2031,total_va,292716.34615384624
low,line,c1,tanning,2031,household_income,131722.3557692308
low,line,c1,tanning,2031,import_substitution,68310.00000000001
low,line,c1,tanning,2031,exports,614790.0000000001
low,line,c1,tanning,2031,imported_inputs,273240.00000000006
low,line,c1,tanning,2031,forgone_exports,227700.00000000003
low,line,c1,tanning,2031,net_fx,182160.00000000003
low,line,c1,tanning,2031,jobs,162.0
low,line,c1,tanning,2031,investment,2699999.9999999995
low,line,c1,tanning,2031,capital_goods_imports,2294999.9999999995
low,line,c1,tanning,2031,tax_gross,7317.908653846156
low,line,c1,tanning,2031,customs_forgone,4098.6
low,line,c1,tanning,2031,tax_revenue,3219.3086538461557
low,line,c1,tanning,2032,volume,544500.0000000001
low,line,c1,tanning,2032,gross_output,980100.0000000002
low,line,c1,tanning,2032,value_added,343035.00000000006
low,line,c1,tanning,2032,indirect_va,58806.00000000004
low,line,c1,tanning,2032,induced_va,18143.322742474928
low,line,c1,tanning,2032,total_va,419984.322742475
low,line,c1,tanning,2032,household_income,188992.94523411375
low,line,c1,tanning,2032,import_substitution,98010.00000000003
low,line,c1,tanning,2032,exports,882090.0000000002
low,line,c1,tanning,2032,imported_inputs,392040.0000000001
low,line,c1,tanning,2032,forgone_exports,326700.00000000006
low,line,c1,tanning,2032,net_fx,261360.00000000006
low,line,c1,tanning,2032,jobs,215.99999999999997
low,line,c1,tanning,2032,investment,2700000.000000001
low,line,c1,tanning,2032,capital_goods_imports,2295000.000000001
low,line,c1,tanning,2032,tax_gross,10499.608068561876
low,line,c1,tanning,2032,customs_forgone,5880.600000000001
low,line,c1,tanning,2032,tax_revenue,4619.008068561875
low,line,c1,fish,2028,volume,202.5
low,line,c1,fish,2028,gross_output,182250.0
low,line,c1,fish,2028,value_added,30982.500000000004
low,line,c1,fish,2028,indirect_va,44614.799999999996
low,line,c1,fish,2028,induced_va,3413.2560200668904
low,line,c1,fish,2028,total_va,79010.5560200669
low,line,c1,fish,2028,household_income,35554.750209030106
low,line,c1,fish,2028,import_substitution,54675.0
low,line,c1,fish,2028,exports,127575.0
low,line,c1,fish,2028,imported_inputs,27337.5
low,line,c1,fish,2028,forgone_exports,0.0
low,line,c1,fish,2028,net_fx,154912.5
low,line,c1,fish,2028,jobs,18.0
low,line,c1,fish,2028,investment,2250000.0
low,line,c1,fish,2028,capital_goods_imports,1912500.0
low,line,c1,fish,2028,tax_gross,1975.2639005016727
low,line,c1,fish,2028,customs_forgone,3280.5
low,line,c1,fish,2028,tax_revenue,-1305.2360994983273
low,line,c1,fish,2029,volume,1282.5
low,line,c1,fish,2029,gross_output,1154250.0
low,line,c1,fish,2029,value_added,196222.5
low,line,c1,fish,2029,indirect_va,282560.39999999997
low,line,c1,fish,2029,induced_va,21617.288127090305
low,line,c1,fish,2029,total_va,500400.1881270903
low,line,c1,fish,2029,household_income,225180.08465719063
low,line,c1,fish,2029,import_substitution,346275.0
low,line,c1,fish,2029,exports,807975.0
low,line,c1,fish,2029,imported_inputs,173137.5
low,line,c1,fish,2029,forgone_exports,0.0
low,line,c1,fish,2029,net_fx,981112.5
low,line,c1,fish,2029,jobs,72.0
low,line,c1,fish,2029,investment,6750000.000000001
low,line,c1,fish,2029,capital_goods_imports,5737500.000000001
low,line,c1,fish,2029,tax_gross,12510.004703177257
low,line,c1,fish,2029,customs_forgone,20776.5
low,line,c1,fish,2029,tax_revenue,-8266.495296822743
low,line,c1,fish,2030,volume,3510.0
low,line,c1,fish,2030,gross_output,3159000.0
low,line,c1,fish,2030,value_added,537030.0
low,line,c1,fish,2030,indirect_va,773323.2
low,line,c1,fish,2030,induced_va,59163.10434782609
low,line,c1,fish,2030,total_va,1369516.304347826
low,line,c1,fish,2030,household_income,616282.3369565217
low,line,c1,fish,2030,import_substitution,947700.0
low,line,c1,fish,2030,exports,2211300.0
low,line,c1,fish,2030,imported_inputs,473850.0
low,line,c1,fish,2030,forgone_exports,0.0
low,line,c1,fish,2030,net_fx,2685150.0
low,line,c1,fish,2030,jobs,144.0
low,line,c1,fish,2030,investment,9000000.0
low,line,c1,fish,2030,capital_goods_imports,7650000.0
low,line,c1,fish,2030,tax_gross,34237.90760869565
low,line,c1,fish,2030,customs_forgone,56862.0
low,line,c1,fish,2030,tax_revenue,-22624.09239130435
low,line,c1,fish,2031,volume,6210.0
low,line,c1,fish,2031,gross_output,5589000.0
low,line,c1,fish,2031,value_added,950130.0
low,line,c1,fish,2031,indirect_va,1368187.2
low,line,c1,fish,2031,induced_va,104673.18461538464
low,line,c1,fish,2031,total_va,2422990.384615385
low,line,c1,fish,2031,household_income,1090345.6730769232
low,line,c1,fish,2031,import_substitution,1676700.0
low,line,c1,fish,2031,exports,3912300.0
low,line,c1,fish,2031,imported_inputs,838350.0
low,line,c1,fish,2031,forgone_exports,0.0
low,line,c1,fish,2031,net_fx,4750650.0
low,line,c1,fish,2031,jobs,216.0
low,line,c1,fish,2031,investment,8999999.999999998
low,line,c1,fish,2031,capital_goods_imports,7649999.999999998
low,line,c1,fish,2031,tax_gross,60574.759615384624
low,line,c1,fish,2031,customs_forgone,100602.0
low,line,c1,fish,2031,tax_revenue,-40027.240384615376
low,line,c1,fish,2032,volume,8910.0
low,line,c1,fish,2032,gross_output,8019000.0
low,line,c1,fish,2032,value_added,1363230.0
low,line,c1,fish,2032,indirect_va,1963051.2
low,line,c1,fish,2032,induced_va,150183.2648829432
low,line,c1,fish,2032,total_va,3476464.4648829433
low,line,c1,fish,2032,household_income,1564409.0091973245
low,line,c1,fish,2032,import_substitution,2405700.0
low,line,c1,fish,2032,exports,5613300.0
low,line,c1,fish,2032,imported_inputs,1202850.0
low,line,c1,fish,2032,forgone_exports,0.0
low,line,c1,fish,2032,net_fx,6816150.0
low,line,c1,fish,2032,jobs,288.0
low,line,c1,fish,2032,investment,9000000.000000002
low,line,c1,fish,2032,capital_goods_imports,7650000.000000001
low,line,c1,fish,2032,tax_gross,86911.61162207359
low,line,c1,fish,2032,customs_forgone,144342.0
low,line,c1,fish,2032,tax_revenue,-57430.388377926414
low,line,c2,sesame,2028,volume,112.5
low,line,c2,sesame,2028,gross_output,104625.0
low,line,c2,sesame,2028,value_added,10462.5
low,line,c2,sesame,2028,indirect_va,5335.875
low,line,c2,sesame,2028,induced_va,713.3045568561874
low,line,c2,sesame,2028,total_va,16511.679556856187
low,line,c2,sesame,2028,household_income,7430.255800585284
low,line,c2,sesame,2028,import_substitution,5231.25
low,line,c2,sesame,2028,exports,99393.75
low,line,c2,sesame,2028,imported_inputs,5231.25
low,line,c2,sesame,2028,forgone_exports,104625.0
low,line,c2,sesame,2028,net_fx,-5231.25
low,line,c2,sesame,2028,jobs,1.7999999999999998
low,line,c2,sesame,2028,investment,1500000.0
low,line,c2,sesame,2028,capital_goods_imports,1275000.0
low,line,c2,sesame,2028,tax_gross,412.7919889214047
low,line,c2,sesame,2028,customs_forgone,313.875
low,line,c2,sesame,2028,tax_revenue,98.91698892140471
low,line,c2,sesame,2029,volume,712.5
low,line,c2,sesame,2029,gross_output,662625.0
low,line,c2,sesame,2029,value_added,66262.5
low,line,c2,sesame,2029,indirect_va,33793.875
low,line,c2,sesame,2029,induced_va,4517.595526755854
low,line,c2,sesame,2029,total_va,104573.97052675586
low,line,c2,sesame,2029,household_income,47058.286737040136
low,line,c2,sesame,2029,import_substitution,33131.25
low,line,c2,sesame,2029,exports,629493.75
low,line,c2,sesame,2029,imported_inputs,33131.25
low,line,c2,sesame,2029,forgone_exports,662625.0
low,line,c2,sesame,2029,net_fx,-33131.25
low,line,c2,sesame,2029,jobs,7.199999999999999
low,line,c2,sesame,2029,investment,4500000.000000001
low,line,c2,sesame,2029,capital_goods_imports,3825000.0000000005
low,line,c2,sesame,2029,tax_gross,2614.349263168897
low,line,c2,sesame,2029,customs_forgone,1987.875
low,line,c2,sesame,2029,tax_revenue,626.4742631688969
low,line,c2,sesame,2030,volume,1950.0
low,line,c2,sesame,2030,gross_output,1813500.0
low,line,c2,sesame,2030,value_added,181350.0
low,line,c2,sesame,2030,indirect_va,92488.5
low,line,c2,sesame,2030,induced_va,12363.945652173914
low,line,c2,sesame,2030,total_va,286202.4456521739
low,line,c2,sesame,2030,household_income,128791.10054347826
low,line,c2,sesame,2030,import_substitution,90675.0
low,line,c2,sesame,2030,exports,1722825.0
low,line,c2,sesame,2030,imported_inputs,90675.0
low,line,c2,sesame,2030,forgone_exports,1813500.0
low,line,c2,sesame,2030,net_fx,-90675.0
low,line,c2,sesame,2030,jobs,14.399999999999999
low,line,c2,sesame,2030,investment,6000000.0
low,line,c2,sesame,2030,capital_goods_imports,5100000.0
low,line,c2,sesame,2030,tax_gross,7155.061141304348
low,line,c2,sesame,2030,customs_forgone,5440.5
low,line,c2,sesame,2030,tax_revenue,1714.561141304348
low,line,c2,sesame,2031,volume,3450.0
low,line,c2,sesame,2031,gross_output,3208500.0
low,line,c2,sesame,2031,value_added,320850.0
low,line,c2,sesame,2031,indirect_va,163633.5
low,line,c2,sesame,2031,induced_va,21874.67307692308
low,line,c2,sesame,2031,total_va,506358.17307692306
low,line,c2,sesame,2031,household_income,227861.17788461538
low,line,c2,sesame,2031,import_substitution,160425.0
low,line,c2,sesame,2031,exports,3048075.0
low,line,c2,sesame,2031,imported_inputs,160425.0
low,line,c2,sesame,2031,forgone_exports,3208500.0
low,line,c2,sesame,2031,net_fx,-160425.0
low,line,c2,sesame,2031,jobs,21.599999999999998
low,line,c2,sesame,2031,investment,5999999.999999999
low,line,c2,sesame,2031,capital_goods_imports,5099999.999999999
low,line,c2,sesame,2031,tax_gross,12658.954326923078
low,line,c2,sesame,2031,customs_forgone,9625.5
low,line,c2,sesame,2031,tax_revenue,3033.454326923078
low,line,c2,sesame,2032,volume,4950.0
low,line,c2,sesame,2032,gross_output,4603500.0
low,line,c2,sesame,2032,value_added,460350.0
low,line,c2,sesame,2032,indirect_va,234778.5
low,line,c2,sesame,2032,induced_va,31385.400501672248
low,line,c2,sesame,2032,total_va,726513.9005016723
low,line,c2,sesame,2032,household_income,326931.25522575254
low,line,c2,sesame,2032,import_substitution,230175.0
low,line,c2,sesame,2032,exports,4373325.0
low,line,c2,sesame,2032,imported_inputs,230175.0
low,line,c2,sesame,2032,forgone_exports,4603500.0
low,line,c2,sesame,2032,net_fx,-230175.0
low,line,c2,sesame,2032,jobs,28.799999999999997
low,line,c2,sesame,2032,investment,6000000.000000002
low,line,c2,sesame,2032,capital_goods_imports,5100000.000000002
low,line,c2,sesame,2032,tax_gross,18162.847512541808
low,line,c2,sesame,2032,customs_forgone,13810.5
low,line,c2,sesame,2032,tax_revenue,4352.347512541808
low,line,c2,sesame_oil,2028,volume,15.0
low,line,c2,sesame_oil,2028,gross_output,6660.0
low,line,c2,sesame_oil,2028,value_added,532.8
low,line,c2,sesame_oil,2028,indirect_va,327.67199999999997
low,line,c2,sesame_oil,2028,induced_va,38.850742474916395
low,line,c2,sesame_oil,2028,total_va,899.3227424749164
low,line,c2,sesame_oil,2028,household_income,404.6952341137124
low,line,c2,sesame_oil,2028,import_substitution,4661.999999999999
low,line,c2,sesame_oil,2028,exports,1998.0000000000005
low,line,c2,sesame_oil,2028,imported_inputs,666.0
low,line,c2,sesame_oil,2028,forgone_exports,13950.0
low,line,c2,sesame_oil,2028,net_fx,-7956.0
low,line,c2,sesame_oil,2028,jobs,0.3
low,line,c2,sesame_oil,2028,investment,140000.0
low,line,c2,sesame_oil,2028,capital_goods_imports,119000.0
low,line,c2,sesame_oil,2028,tax_gross,22.483068561872912
low,line,c2,sesame_oil,2028,customs_forgone,279.7199999999999
low,line,c2,sesame_oil,2028,tax_revenue,-257.236931438127
low,line,c2,sesame_oil,2029,volume,95.0
low,line,c2,sesame_oil,2029,gross_output,42180.0
low,line,c2,sesame_oil,2029,value_added,3374.4
low,line,c2,sesame_oil,2029,indirect_va,2075.256
low,line,c2,sesame_oil,2029,induced_va,246.0547023411372
low,line,c2,sesame_oil,2029,total_va,5695.710702341137
low,line,c2,sesame_oil,2029,household_income,2563.0698160535117
low,line,c2,sesame_oil,2029,import_substitution,29526.0
low,line,c2,sesame_oil,2029,exports,12654.0
low,line,c2,sesame_oil,2029,imported_inputs,4218.0
low,line,c2,sesame_oil,2029,forgone_exports,88350.0
low,line,c2,sesame_oil,2029,net_fx,-50388.0
low,line,c2,sesame_oil,2029,jobs,1.2
low,line,c2,sesame_oil,2029,investment,420000.00000000006
low,line,c2,sesame_oil,2029,capital_goods_imports,357000.00000000006
low,line,c2,sesame_oil,2029,tax_gross,142.39276755852845
low,line,c2,sesame_oil,2029,customs_forgone,1771.56
low,line,c2,sesame_oil,2029,tax_revenue,-1629.1672324414715
low,line,c2,sesame_oil,2030,volume,260.0
low,line,c2,sesame_oil,2030,gross_output,115440.0
low,line,c2,sesame_oil,2030,value_added,9235.199999999999
low,line,c2,sesame_oil,2030,indirect_va,5679.648
low,line,c2,sesame_oil,2030,induced_va,673.4128695652174
low,line,c2,sesame_oil,2030,total_va,15588.260869565216
low,line,c2,sesame_oil,2030,household_income,7014.717391304347
low,line,c2,sesame_oil,2030,import_substitution,80808.0
low,line,c2,sesame_oil,2030,exports,34632.0
low,line,c2,sesame_oil,2030,imported_inputs,11544.0
low,line,c2,sesame_oil,2030,forgone_exports,241800.0
low,line,c2,sesame_oil,2030,net_fx,-137904.0
low,line,c2,sesame_oil,2030,jobs,2.4
low,line,c2,sesame_oil,2030,investment,560000.0
low,line,c2,sesame_oil,2030,capital_goods_imports,476000.0
low,line,c2,sesame_oil,2030,tax_gross,389.70652173913044
low,line,c2,sesame_oil,2030,customs_forgone,4848.48
low,line,c2,sesame_oil,2030,tax_revenue,-4458.7734782608695
low,line,c2,sesame_oil,2031,volume,460.0
low,line,c2,sesame_oil,2031,gross_output,204240.0
low,line,c2,sesame_oil,2031,value_added,16339.199999999999
low,line,c2,sesame_oil,2031,indirect_va,10048.608
low,line,c2,sesame_oil,2031,induced_va,1191.4227692307693
low,line,c2,sesame_oil,2031,total_va,27579.230769230766
low,line,c2,sesame_oil,2031,household_income,12410.653846153846
low,line,c2,sesame_oil,2031,import_substitution,142967.99999999997
low,line,c2,sesame_oil,2031,exports,61272.000000000015
low,line,c2,sesame_oil,2031,imported_inputs,20424.0
low,line,c2,sesame_oil,2031,forgone_exports,427800.0
low,line,c2,sesame_oil,2031,net_fx,-243984.0
low,line,c2,sesame_oil,2031,jobs,3.5999999999999996
low,line,c2,sesame_oil,2031,investment,559999.9999999999
low,line,c2,sesame_oil,2031,capital_goods_imports,475999.9999999999
low,line,c2,sesame_oil,2031,tax_gross,689.4807692307692
low,line,c2,sesame_oil,2031,customs_forgone,8578.079999999998
low,line,c2,sesame_oil,2031,tax_revenue,-7888.599230769229
low,line,c2,sesame_oil,2032,volume,660.0
low,line,c2,sesame_oil,2032,gross_output,293040.0
low,line,c2,sesame_oil,2032,value_added,23443.2
low,line,c2,sesame_oil,2032,indirect_va,14417.568
low,line,c2,sesame_oil,2032,induced_va,1709.4326688963215
low,line,c2,sesame_oil,2032,total_va,39570.200668896316
low,line,c2,sesame_oil,2032,household_income,17806.590301003343
low,line,c2,sesame_oil,2032,import_substitution,205128.0
low,line,c2,sesame_oil,2032,exports,87912.0
low,line,c2,sesame_oil,2032,imported_inputs,29304.0
low,line,c2,sesame_oil,2032,forgone_exports,613800.0
low,line,c2,sesame_oil,2032,net_fx,-350064.0
low,line,c2,sesame_oil,2032,jobs,4.8
low,line,c2,sesame_oil,2032,investment,560000.0000000001
low,line,c2,sesame_oil,2032,capital_goods_imports,476000.00000000006
low,line,c2,sesame_oil,2032,tax_gross,989.255016722408
low,line,c2,sesame_oil,2032,customs_forgone,12307.68
low,line,c2,sesame_oil,2032,tax_revenue,-11318.424983277593
low,line,c2,fruit,2028,volume,101.25
low,line,c2,fruit,2028,gross_output,30375.0
low,line,c2,fruit,2028,value_added,5163.75
low,line,c2,fruit,2028,indirect_va,6196.5
low,line,c2,fruit,2028,induced_va,512.9209866220737
low,line,c2,fruit,2028,total_va,11873.170986622074
low,line,c2,fruit,2028,household_income,5342.926943979934
low,line,c2,fruit,2028,import_substitution,4556.25
low,line,c2,fruit,2028,exports,21262.5
low,line,c2,fruit,2028,imported_inputs,4556.25
low,line,c2,fruit,2028,forgone_exports,0.0
low,line,c2,fruit,2028,net_fx,21262.5
low,line,c2,fruit,2028,jobs,3.5999999999999996
low,line,c2,fruit,2028,investment,450000.0
low,line,c2,fruit,2028,capital_goods_imports,382500.0
low,line,c2,fruit,2028,tax_gross,296.82927466555185
low,line,c2,fruit,2028,customs_forgone,273.375
low,line,c2,fruit,2028,tax_revenue,23.45427466555185
low,line,c2,fruit,2029,volume,641.25
low,line,c2,fruit,2029,gross_output,192375.0
low,line,c2,fruit,2029,value_added,32703.750000000004
low,line,c2,fruit,2029,indirect_va,39244.5
low,line,c2,fruit,2029,induced_va,3248.4995819398
low,line,c2,fruit,2029,total_va,75196.7495819398
low,line,c2,fruit,2029,household_income,33838.53731187291
low,line,c2,fruit,2029,import_substitution,28856.25
low,line,c2,fruit,2029,exports,134662.5
low,line,c2,fruit,2029,imported_inputs,28856.25
low,line,c2,fruit,2029,forgone_exports,0.0
low,line,c2,fruit,2029,net_fx,134662.5
low,line,c2,fruit,2029,jobs,14.399999999999999
low,line,c2,fruit,2029,investment,1350000.0000000002
low,line,c2,fruit,2029,capital_goods_imports,1147500.0000000002
low,line,c2,fruit,2029,tax_gross,1879.918739548495
low,line,c2,fruit,2029,customs_forgone,1731.375
low,line,c2,fruit,2029,tax_revenue,148.54373954849507
low,line,c2,fruit,2030,volume,1755.0
low,line,c2,fruit,2030,gross_output,526500.0
low,line,c2,fruit,2030,value_added,89505.0
low,line,c2,fruit,2030,indirect_va,107406.0
low,line,c2,fruit,2030,induced_va,8890.63043478261
low,line,c2,fruit,2030,total_va,205801.63043478262
low,line,c2,fruit,2030,household_income,92610.73369565218
low,line,c2,fruit,2030,import_substitution,78975.0
low,line,c2,fruit,2030,exports,368550.0
low,line,c2,fruit,2030,imported_inputs,78975.0
low,line,c2,fruit,2030,forgone_exports,0.0
low,line,c2,fruit,2030,net_fx,368550.0
low,line,c2,fruit,2030,jobs,28.799999999999997
low,line,c2,fruit,2030,investment,1800000.0
low,line,c2,fruit,2030,capital_goods_imports,1530000.0
low,line,c2,fruit,2030,tax_gross,5145.040760869566
low,line,c2,fruit,2030,customs_forgone,4738.5
low,line,c2,fruit,2030,tax_revenue,406.54076086956593
low,line,c2,fruit,2031,volume,3105.0
low,line,c2,fruit,2031,gross_output,931500.0
low,line,c2,fruit,2031,value_added,158355.0
low,line,c2,fruit,2031,indirect_va,190026.0
low,line,c2,fruit,2031,induced_va,15729.576923076927
low,line,c2,fruit,2031,total_va,364110.57692307694
low,line,c2,fruit,2031,household_income,163849.75961538462
low,line,c2,fruit,2031,import_substitution,139725.0
low,line,c2,fruit,2031,exports,652050.0
low,line,c2,fruit,2031,imported_inputs,139725.0
low,line,c2,fruit,2031,forgone_exports,0.0
low,line,c2,fruit,2031,net_fx,652050.0
low,line,c2,fruit,2031,jobs,43.199999999999996
low,line,c2,fruit,2031,investment,1799999.9999999998
low,line,c2,fruit,2031,capital_goods_imports,1529999.9999999998
low,line,c2,fruit,2031,tax_gross,9102.764423076924
low,line,c2,fruit,2031,customs_forgone,8383.5
low,line,c2,fruit,2031,tax_revenue,719.2644230769238
low,line,c2,fruit,2032,volume,4455.0
low,line,c2,fruit,2032,gross_output,1336500.0
low,line,c2,fruit,2032,value_added,227205.0
low,line,c2,fruit,2032,indirect_va,272646.0
low,line,c2,fruit,2032,induced_va,22568.523411371243
low,line,c2,fruit,2032,total_va,522419.5234113712
low,line,c2,fruit,2032,household_income,235088.78553511706
low,line,c2,fruit,2032,import_substitution,200475.0
low,line,c2,fruit,2032,exports,935550.0
low,line,c2,fruit,2032,imported_inputs,200475.0
low,line,c2,fruit,2032,forgone_exports,0.0
low,line,c2,fruit,2032,net_fx,935550.0
low,line,c2,fruit,2032,jobs,57.599999999999994
low,line,c2,fruit,2032,investment,1800000.0000000005
low,line,c2,fruit,2032,capital_goods_imports,1530000.0000000005
low,line,c2,fruit,2032,tax_gross,13060.488085284282
low,line,c2,fruit,2032,customs_forgone,12028.5
low,line,c2,fruit,2032,tax_revenue,1031.9880852842816
low,line,c3,flour,2028,volume,1260.0
low,line,c3,flour,2028,gross_output,264600.0
low,line,c3,flour,2028,value_added,21168.0
low,line,c3,flour,2028,indirect_va,3333.9599999999996
low,line,c3,flour,2028,induced_va,1106.2757859531773
low,line,c3,flour,2028,total_va,25608.235785953177
low,line,c3,flour,2028,household_income,11523.70610367893
low,line,c3,flour,2028,import_substitution,264600.0
low,line,c3,flour,2028,exports,0.0
low,line,c3,flour,2028,imported_inputs,224910.0
low,line,c3,flour,2028,forgone_exports,0.0
low,line,c3,flour,2028,net_fx,39690.0
low,line,c3,flour,2028,jobs,3.5999999999999996
low,line,c3,flour,2028,investment,3300000.0
low,line,c3,flour,2028,capital_goods_imports,2805000.0
low,line,c3,flour,2028,tax_gross,640.2058946488295
low,line,c3,flour,2028,customs_forgone,15876.0
low,line,c3,flour,2028,tax_revenue,-15235.794105351171
low,line,c3,flour,2029,volume,7980.0
low,line,c3,flour,2029,gross_output,1675800.0
low,line,c3,flour,2029,value_added,134064.0
low,line,c3,flour,2029,indirect_va,21115.079999999998
low,line,c3,flour,2029,induced_va,7006.41331103679
low,line,c3,flour,2029,total_va,162185.4933110368
low,line,c3,flour,2029,household_income,72983.47198996655
low,line,c3,flour,2029,import_substitution,1675800.0
low,line,c3,flour,2029,exports,0.0
low,line,c3,flour,2029,imported_inputs,1424430.0
low,line,c3,flour,2029,forgone_exports,0.0
low,line,c3,flour,2029,net_fx,251370.0
low,line,c3,flour,2029,jobs,14.399999999999999
low,line,c3,flour,2029,investment,9900000.000000002
low,line,c3,flour,2029,capital_goods_imports,8415000.000000002
low,line,c3,flour,2029,tax_gross,4054.6373327759197
low,line,c3,flour,2029,customs_forgone,100548.0
low,line,c3,flour,2029,tax_revenue,-96493.36266722408
low,line,c3,flour,2030,volume,21840.0
low,line,c3,flour,2030,gross_output,4586400.0
low,line,c3,flour,2030,value_added,366912.0
low,line,c3,flour,2030,indirect_va,57788.63999999999
low,line,c3,flour,2030,induced_va,19175.44695652174
low,line,c3,flour,2030,total_va,443876.0869565217
low,line,c3,flour,2030,household_income,199744.23913043478
low,line,c3,flour,2030,import_substitution,4586400.0
low,line,c3,flour,2030,exports,0.0
low,line,c3,flour,2030,imported_inputs,3898440.0
low,line,c3,flour,2030,forgone_exports,0.0
low,line,c3,flour,2030,net_fx,687960.0
low,line,c3,flour,2030,jobs,28.799999999999997
low,line,c3,flour,2030,investment,13200000.0
low,line,c3,flour,2030,capital_goods_imports,11220000.0
low,line,c3,flour,2030,tax_gross,11096.902173913044
low,line,c3,flour,2030,customs_forgone,275184.0
low,line,c3,flour,2030,tax_revenue,-264087.097826087
low,line,c3,flour,2031,volume,38640.0
low,line,c3,flour,2031,gross_output,8114400.0
low,line,c3,flour,2031,value_added,649152.0
low,line,c3,flour,2031,indirect_va,102241.43999999999
low,line,c3,flour,2031,induced_va,33925.79076923078
low,line,c3,flour,2031,total_va,785319.2307692308
low,line,c3,flour,2031,household_income,353393.6538461539
low,line,c3,flour,2031,import_substitution,8114400.0
low,line,c3,flour,2031,exports,0.0
low,line,c3,flour,2031,imported_inputs,6897240.0
low,line,c3,flour,2031,forgone_exports,0.0
low,line,c3,flour,2031,net_fx,1217160.0
low,line,c3,flour,2031,jobs,43.199999999999996
low,line,c3,flour,2031,investment,13199999.999999998
low,line,c3,flour,2031,capital_goods_imports,11219999.999999998
low,line,c3,flour,2031,tax_gross,19632.98076923077
low,line,c3,flour,2031,customs_forgone,486864.0
low,line,c3,flour,2031,tax_revenue,-467231.01923076925
low,line,c3,flour,2032,volume,55440.0
low,line,c3,flour,2032,gross_output,11642400.0
low,line,c3,flour,2032,value_added,931392.0
low,line,c3,flour,2032,indirect_va,146694.24
low,line,c3,flour,2032,induced_va,48676.13458193981
low,line,c3,flour,2032,total_va,1126762.3745819398
low,line,c3,flour,2032,household_income,507043.06856187293
low,line,c3,flour,2032,import_substitution,11642400.0
low,line,c3,flour,2032,exports,0.0
low,line,c3,flour,2032,imported_inputs,9896040.0
low,line,c3,flour,2032,forgone_exports,0.0
low,line,c3,flour,2032,net_fx,1746360.0
low,line,c3,flour,2032,jobs,57.599999999999994
low,line,c3,flour,2032,investment,13200000.000000004
low,line,c3,flour,2032,capital_goods_imports,11220000.000000004
low,line,c3,flour,2032,tax_gross,28169.059364548495
low,line,c3,flour,2032,customs_forgone,698544.0
low,line,c3,flour,2032,tax_revenue,-670374.9406354515
low,line,c3,dairy,2028,volume,202500.0
low,line,c3,dairy,2028,gross_output,72900.0
low,line,c3,dairy,2028,value_added,12393.0
low,line,c3,dairy,2028,indirect_va,11022.48
low,line,c3,dairy,2028,induced_va,1057.2206688963213
low,line,c3,dairy,2028,total_va,24472.70066889632
low,line,c3,dairy,2028,household_income,11012.715301003343
low,line,c3,dairy,2028,import_substitution,39366.0
low,line,c3,dairy,2028,exports,7290.0
low,line,c3,dairy,2028,imported_inputs,14580.0
low,line,c3,dairy,2028,forgone_exports,0.0
low,line,c3,dairy,2028,net_fx,32076.0
low,line,c3,dairy,2028,jobs,0.72
low,line,c3,dairy,2028,investment,525000.0
low,line,c3,dairy,2028,capital_goods_imports,446250.0
low,line,c3,dairy,2028,tax_gross,611.817516722408
low,line,c3,dairy,2028,customs_forgone,2361.96
low,line,c3,dairy,2028,tax_revenue,-1750.142483277592
low,line,c3,dairy,2029,volume,1282500.0
low,line,c3,dairy,2029,gross_output,461700.0
low,line,c3,dairy,2029,value_added,78489.0
low,line,c3,dairy,2029,indirect_va,69809.04000000001
low,line,c3,dairy,2029,induced_va,6695.730903010035
low,line,c3,dairy,2029,total_va,154993.77090301004
low,line,c3,dairy,2029,household_income,69747.19690635453
low,line,c3,dairy,2029,import_substitution,249318.0
low,line,c3,dairy,2029,exports,46170.0
low,line,c3,dairy,2029,imported_inputs,92340.0
low,line,c3,dairy,2029,forgone_exports,0.0
low,line,c3,dairy,2029,net_fx,203148.0
low,line,c3,dairy,2029,jobs,2.88
low,line,c3,dairy,2029,investment,1575000.0000000002
low,line,c3,dairy,2029,capital_goods_imports,1338750.0000000002
low,line,c3,dairy,2029,tax_gross,3874.844272575251
low,line,c3,dairy,2029,customs_forgone,14959.08
low,line,c3,dairy,2029,tax_revenue,-11084.235727424748
low,line,c3,dairy,2030,volume,3510000.0
low,line,c3,dairy,2030,gross_output,1263600.0
low,line,c3,dairy,2030,value_added,214812.0
low,line,c3,dairy,2030,indirect_va,191056.32
low,line,c3,dairy,2030,induced_va,18325.158260869568
low,line,c3,dairy,2030,total_va,424193.47826086957
low,line,c3,dairy,2030,household_income,190887.0652173913
low,line,c3,dairy,2030,import_substitution,682344.0
low,line,c3,dairy,2030,exports,126360.0
low,line,c3,dairy,2030,imported_inputs,252720.0
low,line,c3,dairy,2030,forgone_exports,0.0
low,line,c3,dairy,2030,net_fx,555984.0
low,line,c3,dairy,2030,jobs,5.76
low,line,c3,dairy,2030,investment,2100000.0
low,line,c3,dairy,2030,capital_goods_imports,1785000.0
low,line,c3,dairy,2030,tax_gross,10604.83695652174
low,line,c3,dairy,2030,customs_forgone,40940.64
low,line,c3,dairy,2030,tax_revenue,-30335.80304347826
low,line,c3,dairy,2031,volume,6210000.0
low,line,c3,dairy,2031,gross_output,2235600.0
low,line,c3,dairy,2031,value_added,380052.0
low,line,c3,dairy,2031,indirect_va,338022.72000000003
low,line,c3,dairy,2031,induced_va,32421.433846153854
low,line,c3,dairy,2031,total_va,750496.1538461539
low,line,c3,dairy,2031,household_income,337723.26923076925
low,line,c3,dairy,2031,import_substitution,1207224.0
low,line,c3,dairy,2031,exports,223560.0
low,line,c3,dairy,2031,imported_inputs,447120.0
low,line,c3,dairy,2031,forgone_exports,0.0
low,line,c3,dairy,2031,net_fx,983664.0
low,line,c3,dairy,2031,jobs,8.639999999999999
low,line,c3,dairy,2031,investment,2099999.9999999995
low,line,c3,dairy,2031,capital_goods_imports,1784999.9999999995
low,line,c3,dairy,2031,tax_gross,18762.403846153848
low,line,c3,dairy,2031,customs_forgone,72433.44
low,line,c3,dairy,2031,tax_revenue,-53671.03615384616
low,line,c3,dairy,2032,volume,8910000.0
low,line,c3,dairy,2032,gross_output,3207600.0
low,line,c3,dairy,2032,value_added,545292.0
low,line,c3,dairy,2032,indirect_va,484989.12
low,line,c3,dairy,2032,induced_va,46517.70943143814
low,line,c3,dairy,2032,total_va,1076798.8294314381
low,line,c3,dairy,2032,household_income,484559.47324414714
low,line,c3,dairy,2032,import_substitution,1732104.0
low,line,c3,dairy,2032,exports,320760.0
low,line,c3,dairy,2032,imported_inputs,641520.0
low,line,c3,dairy,2032,forgone_exports,0.0
low,line,c3,dairy,2032,net_fx,1411344.0
low,line,c3,dairy,2032,jobs,11.52
low,line,c3,dairy,2032,investment,2100000.0000000005
low,line,c3,dairy,2032,capital_goods_imports,1785000.0000000002
low,line,c3,dairy,2032,tax_gross,26919.970735785955
low,line,c3,dairy,2032,customs_forgone,103926.23999999999
low,line,c3,dairy,2032,tax_revenue,-77006.26926421403
low,line,c3,soap,2028,volume,90.0
low,line,c3,soap,2028,gross_output,45900.0
low,line,c3,soap,2028,value_added,6885.0
low,line,c3,soap,2028,indirect_va,826.1999999999999
low,line,c3,soap,2028,induced_va,348.1645484949833
low,line,c3,soap,2028,total_va,8059.364548494983
low,line,c3,soap,2028,household_income,3626.7140468227426
low,line,c3,soap,2028,import_substitution,45900.0
low,line,c3,soap,2028,exports,0.0
low,line,c3,soap,2028,imported_inputs,34425.0
low,line,c3,soap,2028,forgone_exports,0.0
low,line,c3,soap,2028,net_fx,11475.0
low,line,c3,soap,2028,jobs,1.3499999999999999
low,line,c3,soap,2028,investment,375000.0
low,line,c3,soap,2028,capital_goods_imports,318750.0
low,line,c3,soap,2028,tax_gross,201.48411371237458
low,line,c3,soap,2028,customs_forgone,2754.0
low,line,c3,soap,2028,tax_revenue,-2552.5158862876256
low,line,c3,soap,2029,volume,570.0
low,line,c3,soap,2029,gross_output,290700.0
low,line,c3,soap,2029,value_added,43605.0
low,line,c3,soap,2029,indirect_va,5232.599999999999
low,line,c3,soap,2029,induced_va,2205.0421404682274
low,line,c3,soap,2029,total_va,51042.642140468226
low,line,c3,soap,2029,household_income,22969.1889632107
low,line,c3,soap,2029,import_substitution,290700.0
low,line,c3,soap,2029,exports,0.0
low,line,c3,soap,2029,imported_inputs,218025.0
low,line,c3,soap,2029,forgone_exports,0.0
low,line,c3,soap,2029,net_fx,72675.0
low,line,c3,soap,2029,jobs,5.3999999999999995
low,line,c3,soap,2029,investment,1125000.0000000002
low,line,c3,soap,2029,capital_goods_imports,956250.0000000001
low,line,c3,soap,2029,tax_gross,1276.0660535117058
low,line,c3,soap,2029,customs_forgone,17442.0
low,line,c3,soap,2029,tax_revenue,-16165.933946488294
low,line,c3,soap,2030,volume,1560.0
low,line,c3,soap,2030,gross_output,795600.0
low,line,c3,soap,2030,value_added,119340.0
low,line,c3,soap,2030,indirect_va,14320.8
low,line,c3,soap,2030,induced_va,6034.852173913044
low,line,c3,soap,2030,total_va,139695.65217391303
low,line,c3,soap,2030,household_income,62863.043478260865
low,line,c3,soap,2030,import_substitution,795600.0
low,line,c3,soap,2030,exports,0.0
low,line,c3,soap,2030,imported_inputs,596700.0
low,line,c3,soap,2030,forgone_exports,0.0
low,line,c3,soap,2030,net_fx,198900.0
low,line,c3,soap,2030,jobs,10.799999999999999
low,line,c3,soap,2030,investment,1500000.0
low,line,c3,soap,2030,capital_goods_imports,1275000.0
low,line,c3,soap,2030,tax_gross,3492.391304347826
low,line,c3,soap,2030,customs_forgone,47736.0
low,line,c3,soap,2030,tax_revenue,-44243.608695652176
low,line,c3,soap,2031,volume,2760.0
low,line,c3,soap,2031,gross_output,1407600.0
low,line,c3,soap,2031,value_added,211140.0
low,line,c3,soap,2031,indirect_va,25336.8
low,line,c3,soap,2031,induced_va,10677.046153846155
low,line,c3,soap,2031,total_va,247153.84615384616
low,line,c3,soap,2031,household_income,111219.23076923077
low,line,c3,soap,2031,import_substitution,1407600.0
low,line,c3,soap,2031,exports,0.0
low,line,c3,soap,2031,imported_inputs,1055700.0
low,line,c3,soap,2031,forgone_exports,0.0
low,line,c3,soap,2031,net_fx,351900.0
low,line,c3,soap,2031,jobs,16.199999999999996
low,line,c3,soap,2031,investment,1499999.9999999998
low,line,c3,soap,2031,capital_goods_imports,1274999.9999999998
low,line,c3,soap,2031,tax_gross,6178.846153846154
low,line,c3,soap,2031,customs_forgone,84456.0
low,line,c3,soap,2031,tax_revenue,-78277.15384615384
low,line,c3,soap,2032,volume,3960.0
low,line,c3,soap,2032,gross_output,2019600.0
low,line,c3,soap,2032,value_added,302940.0
low,line,c3,soap,2032,indirect_va,36352.799999999996
low,line,c3,soap,2032,induced_va,15319.240133779267
low,line,c3,soap,2032,total_va,354612.0401337792
low,line,c3,soap,2032,household_income,159575.41806020067
low,line,c3,soap,2032,import_substitution,2019600.0
low,line,c3,soap,2032,exports,0.0
low,line,c3,soap,2032,imported_inputs,1514700.0
low,line,c3,soap,2032,forgone_exports,0.0
low,line,c3,soap,2032,net_fx,504900.0
low,line,c3,soap,2032,jobs,21.599999999999998
low,line,c3,soap,2032,investment,1500000.0000000005
low,line,c3,soap,2032,capital_goods_imports,1275000.0000000005
low,line,c3,soap,2032,tax_gross,8865.30100334448
low,line,c3,soap,2032,customs_forgone,121176.0
low,line,c3,soap,2032,tax_revenue,-112310.69899665553
low,line,c3,diapers,2028,volume,24.750000000000004
low,line,c3,diapers,2028,gross_output,35640.0
low,line,c3,diapers,2028,value_added,5346.0
low,line,c3,diapers,2028,indirect_va,641.5199999999993
low,line,c3,diapers,2028,induced_va,270.3395317725753
low,line,c3,diapers,2028,total_va,6257.859531772575
low,line,c3,diapers,2028,household_income,2816.0367892976587
low,line,c3,diapers,2028,import_substitution,35640.0
low,line,c3,diapers,2028,exports,0.0
low,line,c3,diapers,2028,imported_inputs,26730.000000000004
low,line,c3,diapers,2028,forgone_exports,0.0
low,line,c3,diapers,2028,net_fx,8909.999999999996
low,line,c3,diapers,2028,jobs,1.3499999999999999
low,line,c3,diapers,2028,investment,375000.0
low,line,c3,diapers,2028,capital_goods_imports,318750.0
low,line,c3,diapers,2028,tax_gross,156.44648829431438
low,line,c3,diapers,2028,customs_forgone,2138.4
low,line,c3,diapers,2028,tax_revenue,-1981.9535117056857
low,line,c3,diapers,2029,volume,156.75000000000003
low,line,c3,diapers,2029,gross_output,225720.00000000003
low,line,c3,diapers,2029,value_added,33858.0
low,line,c3,diapers,2029,indirect_va,4062.9599999999996
low,line,c3,diapers,2029,induced_va,1712.1503678929769
low,line,c3,diapers,2029,total_va,39633.11036789298
low,line,c3,diapers,2029,household_income,17834.899665551842
low,line,c3,diapers,2029,import_substitution,225720.00000000003
low,line,c3,diapers,2029,exports,0.0
low,line,c3,diapers,2029,imported_inputs,169290.00000000003
low,line,c3,diapers,2029,forgone_exports,0.0
low,line,c3,diapers,2029,net_fx,56430.0
low,line,c3,diapers,2029,jobs,5.3999999999999995
low,line,c3,diapers,2029,investment,1125000.0000000002
low,line,c3,diapers,2029,capital_goods_imports,956250.0000000001
low,line,c3,diapers,2029,tax_gross,990.8277591973246
low,line,c3,diapers,2029,customs_forgone,13543.2
low,line,c3,diapers,2029,tax_revenue,-12552.372240802677
low,line,c3,diapers,2030,volume,429.00000000000006
low,line,c3,diapers,2030,gross_output,617760.0
low,line,c3,diapers,2030,value_added,92664.0
low,line,c3,diapers,2030,indirect_va,11119.679999999988
low,line,c3,diapers,2030,induced_va,4685.885217391305
low,line,c3,diapers,2030,total_va,108469.5652173913
low,line,c3,diapers,2030,household_income,48811.30434782609
low,line,c3,diapers,2030,import_substitution,617760.0
low,line,c3,diapers,2030,exports,0.0
low,line,c3,diapers,2030,imported_inputs,463320.00000000006
low,line,c3,diapers,2030,forgone_exports,0.0
low,line,c3,diapers,2030,net_fx,154439.99999999994
low,line,c3,diapers,2030,jobs,10.799999999999999
low,line,c3,diapers,2030,investment,1500000.0
low,line,c3,diapers,2030,capital_goods_imports,1275000.0
low,line,c3,diapers,2030,tax_gross,2711.7391304347825
low,line,c3,diapers,2030,customs_forgone,37065.6
low,line,c3,diapers,2030,tax_revenue,-34353.860869565215
low,line,c3,diapers,2031,volume,759.0000000000001
low,line,c3,diapers,2031,gross_output,1092960.0
low,line,c3,diapers,2031,value_added,163944.0
low,line,c3,diapers,2031,indirect_va,19673.27999999998
low,line,c3,diapers,2031,induced_va,8290.412307692308
low,line,c3,diapers,2031,total_va,191907.69230769228
low,line,c3,diapers,2031,household_income,86358.46153846153
low,line,c3,diapers,2031,import_substitution,1092960.0
low,line,c3,diapers,2031,exports,0.0
low,line,c3,diapers,2031,imported_inputs,819720.0000000001
low,line,c3,diapers,2031,forgone_exports,0.0
low,line,c3,diapers,2031,net_fx,273239.9999999999
low,line,c3,diapers,2031,jobs,16.2
low,line,c3,diapers,2031,investment,1499999.9999999998
low,line,c3,diapers,2031,capital_goods_imports,1274999.9999999998
low,line,c3,diapers,2031,tax_gross,4797.692307692308
low,line,c3,diapers,2031,customs_forgone,65577.59999999999
low,line,c3,diapers,2031,tax_revenue,-60779.90769230769
low,line,c3,diapers,2032,volume,1089.0000000000002
low,line,c3,diapers,2032,gross_output,1568160.0000000002
low,line,c3,diapers,2032,value_added,235224.00000000003
low,line,c3,diapers,2032,indirect_va,28226.879999999997
low,line,c3,diapers,2032,induced_va,11894.939397993314
low,line,c3,diapers,2032,total_va,275345.8193979933
low,line,c3,diapers,2032,household_income,123905.618729097
low,line,c3,diapers,2032,import_substitution,1568160.0000000002
low,line,c3,diapers,2032,exports,0.0
low,line,c3,diapers,2032,imported_inputs,1176120.0000000002
low,line,c3,diapers,2032,forgone_exports,0.0
low,line,c3,diapers,2032,net_fx,392040.0
low,line,c3,diapers,2032,jobs,21.599999999999998
low,line,c3,diapers,2032,investment,1500000.0000000005
low,line,c3,diapers,2032,capital_goods_imports,1275000.0000000005
low,line,c3,diapers,2032,tax_gross,6883.645484949833
low,line,c3,diapers,2032,customs_forgone,94089.6
low,line,c3,diapers,2032,tax_revenue,-87205.95451505017
low,line,c3,garments,2028,volume,48.75
low,line,c3,garments,2028,gross_output,117000.0
low,line,c3,garments,2028,value_added,40950.0
low,line,c3,garments,2028,indirect_va,1053.0
low,line,c3,garments,2028,induced_va,1896.456521739131
low,line,c3,garments,2028,total_va,43899.45652173913
low,line,c3,garments,2028,household_income,19754.755434782608
low,line,c3,garments,2028,import_substitution,117000.0
low,line,c3,garments,2028,exports,0.0
low,line,c3,garments,2028,imported_inputs,70200.0
low,line,c3,garments,2028,forgone_exports,0.0
low,line,c3,garments,2028,net_fx,46800.0
low,line,c3,garments,2028,jobs,150.0
low,line,c3,garments,2028,investment,1750000.0
low,line,c3,garments,2028,capital_goods_imports,1487500.0
low,line,c3,garments,2028,tax_gross,1097.4864130434783
low,line,c3,garments,2028,customs_forgone,7020.0
low,line,c3,garments,2028,tax_revenue,-5922.513586956522
low,line,c3,garments,2029,volume,308.75
low,line,c3,garments,2029,gross_output,741000.0
low,line,c3,garments,2029,value_added,259350.0
low,line,c3,garments,2029,indirect_va,6669.0
low,line,c3,garments,2029,induced_va,12010.891304347828
low,line,c3,garments,2029,total_va,278029.89130434784
low,line,c3,garments,2029,household_income,125113.45108695653
low,line,c3,garments,2029,import_substitution,741000.0
low,line,c3,garments,2029,exports,0.0
low,line,c3,garments,2029,imported_inputs,444600.0
low,line,c3,garments,2029,forgone_exports,0.0
low,line,c3,garments,2029,net_fx,296400.0
low,line,c3,garments,2029,jobs,600.0
low,line,c3,garments,2029,investment,5250000.000000001
low,line,c3,garments,2029,capital_goods_imports,4462500.000000001
low,line,c3,garments,2029,tax_gross,6950.747282608696
low,line,c3,garments,2029,customs_forgone,44460.0
low,line,c3,garments,2029,tax_revenue,-37509.252717391304
low,line,c3,garments,2030,volume,845.0
low,line,c3,garments,2030,gross_output,2028000.0
low,line,c3,garments,2030,value_added,709800.0
low,line,c3,garments,2030,indirect_va,18252.0
low,line,c3,garments,2030,induced_va,32871.91304347827
low,line,c3,garments,2030,total_va,760923.9130434783
low,line,c3,garments,2030,household_income,342415.76086956525
low,line,c3,garments,2030,import_substitution,2028000.0
low,line,c3,garments,2030,exports,0.0
low,line,c3,garments,2030,imported_inputs,1216800.0
low,line,c3,garments,2030,forgone_exports,0.0
low,line,c3,garments,2030,net_fx,811200.0
low,line,c3,garments,2030,jobs,1200.0
low,line,c3,garments,2030,investment,7000000.0
low,line,c3,garments,2030,capital_goods_imports,5950000.0
low,line,c3,garments,2030,tax_gross,19023.097826086956
low,line,c3,garments,2030,customs_forgone,121680.0
low,line,c3,garments,2030,tax_revenue,-102656.90217391304
low,line,c3,garments,2031,volume,1495.0
low,line,c3,garments,2031,gross_output,3588000.0
low,line,c3,garments,2031,value_added,1255799.9999999998
low,line,c3,garments,2031,indirect_va,32292.0
low,line,c3,garments,2031,induced_va,58158.0
low,line,c3,garments,2031,total_va,1346249.9999999998
low,line,c3,garments,2031,household_income,605812.4999999999
low,line,c3,garments,2031,import_substitution,3588000.0
low,line,c3,garments,2031,exports,0.0
low,line,c3,garments,2031,imported_inputs,2152800.0
low,line,c3,garments,2031,forgone_exports,0.0
low,line,c3,garments,2031,net_fx,1435200.0
low,line,c3,garments,2031,jobs,1800.0
low,line,c3,garments,2031,investment,6999999.999999998
low,line,c3,garments,2031,capital_goods_imports,5949999.999999998
low,line,c3,garments,2031,tax_gross,33656.24999999999
low,line,c3,garments,2031,customs_forgone,215280.0
low,line,c3,garments,2031,tax_revenue,-181623.75
low,line,c3,garments,2032,volume,2145.0
low,line,c3,garments,2032,gross_output,5148000.0
low,line,c3,garments,2032,value_added,1801800.0
low,line,c3,garments,2032,indirect_va,46332.0
low,line,c3,garments,2032,induced_va,83444.08695652176
low,line,c3,garments,2032,total_va,1931576.0869565217
low,line,c3,garments,2032,household_income,869209.2391304348
low,line,c3,garments,2032,import_substitution,5148000.0
low,line,c3,garments,2032,exports,0.0
low,line,c3,garments,2032,imported_inputs,3088800.0
low,line,c3,garments,2032,forgone_exports,0.0
low,line,c3,garments,2032,net_fx,2059200.0
low,line,c3,garments,2032,jobs,2400.0
low,line,c3,garments,2032,investment,7000000.000000003
low,line,c3,garments,2032,capital_goods_imports,5950000.000000002
low,line,c3,garments,2032,tax_gross,48289.40217391305
low,line,c3,garments,2032,customs_forgone,308880.0
low,line,c3,garments,2032,tax_revenue,-260590.59782608695
low,line,c3,aromatics,2028,volume,6.0
low,line,c3,aromatics,2028,gross_output,28800.0
low,line,c3,aromatics,2028,value_added,7200.0
low,line,c3,aromatics,2028,indirect_va,2246.4
low,line,c3,aromatics,2028,induced_va,426.5096989966556
low,line,c3,aromatics,2028,total_va,9872.909698996655
low,line,c3,aromatics,2028,household_income,4442.809364548495
low,line,c3,aromatics,2028,import_substitution,1440.0
low,line,c3,aromatics,2028,exports,27360.0
low,line,c3,aromatics,2028,imported_inputs,2880.0
low,line,c3,aromatics,2028,forgone_exports,28800.0
low,line,c3,aromatics,2028,net_fx,-2880.0
low,line,c3,aromatics,2028,jobs,1.2
low,line,c3,aromatics,2028,investment,240000.0
low,line,c3,aromatics,2028,capital_goods_imports,204000.0
low,line,c3,aromatics,2028,tax_gross,246.82274247491637
low,line,c3,aromatics,2028,customs_forgone,86.39999999999999
low,line,c3,aromatics,2028,tax_revenue,160.4227424749164
low,line,c3,aromatics,2029,volume,38.0
low,line,c3,aromatics,2029,gross_output,182400.0
low,line,c3,aromatics,2029,value_added,45600.0
low,line,c3,aromatics,2029,indirect_va,14227.199999999999
low,line,c3,aromatics,2029,induced_va,2701.2280936454854
low,line,c3,aromatics,2029,total_va,62528.42809364548
low,line,c3,aromatics,2029,household_income,28137.792642140466
low,line,c3,aromatics,2029,import_substitution,9120.0
low,line,c3,aromatics,2029,exports,173280.0
low,line,c3,aromatics,2029,imported_inputs,18240.0
low,line,c3,aromatics,2029,forgone_exports,182400.0
low,line,c3,aromatics,2029,net_fx,-18240.0
low,line,c3,aromatics,2029,jobs,4.8
low,line,c3,aromatics,2029,investment,720000.0000000001
low,line,c3,aromatics,2029,capital_goods_imports,612000.0000000001
low,line,c3,aromatics,2029,tax_gross,1563.2107023411372
low,line,c3,aromatics,2029,customs_forgone,547.1999999999999
low,line,c3,aromatics,2029,tax_revenue,1016.0107023411373
low,line,c3,aromatics,2030,volume,104.0
low,line,c3,aromatics,2030,gross_output,499200.0
low,line,c3,aromatics,2030,value_added,124800.0
low,line,c3,aromatics,2030,indirect_va,38937.6
low,line,c3,aromatics,2030,induced_va,7392.8347826086965
low,line,c3,aromatics,2030,total_va,171130.4347826087
low,line,c3,aromatics,2030,household_income,77008.69565217392
low,line,c3,aromatics,2030,import_substitution,24960.0
low,line,c3,aromatics,2030,exports,474240.0
low,line,c3,aromatics,2030,imported_inputs,49920.0
low,line,c3,aromatics,2030,forgone_exports,499200.0
low,line,c3,aromatics,2030,net_fx,-49920.0
low,line,c3,aromatics,2030,jobs,9.6
low,line,c3,aromatics,2030,investment,960000.0
low,line,c3,aromatics,2030,capital_goods_imports,816000.0
low,line,c3,aromatics,2030,tax_gross,4278.260869565218
low,line,c3,aromatics,2030,customs_forgone,1497.6
low,line,c3,aromatics,2030,tax_revenue,2780.660869565218
low,line,c3,aromatics,2031,volume,184.0
low,line,c3,aromatics,2031,gross_output,883200.0
low,line,c3,aromatics,2031,value_added,220800.0
low,line,c3,aromatics,2031,indirect_va,68889.59999999999
low,line,c3,aromatics,2031,induced_va,13079.630769230771
low,line,c3,aromatics,2031,total_va,302769.23076923075
low,line,c3,aromatics,2031,household_income,136246.15384615384
low,line,c3,aromatics,2031,import_substitution,44160.0
low,line,c3,aromatics,2031,exports,839040.0
low,line,c3,aromatics,2031,imported_inputs,88320.0
low,line,c3,aromatics,2031,forgone_exports,883200.0
low,line,c3,aromatics,2031,net_fx,-88320.0
low,line,c3,aromatics,2031,jobs,14.399999999999999
low,line,c3,aromatics,2031,investment,959999.9999999999
low,line,c3,aromatics,2031,capital_goods_imports,815999.9999999999
low,line,c3,aromatics,2031,tax_gross,7569.2307692307695
low,line,c3,aromatics,2031,customs_forgone,2649.6
low,line,c3,aromatics,2031,tax_revenue,4919.630769230769
low,line,c3,aromatics,2032,volume,264.0
low,line,c3,aromatics,2032,gross_output,1267200.0
low,line,c3,aromatics,2032,value_added,316800.0
low,line,c3,aromatics,2032,indirect_va,98841.59999999999
low,line,c3,aromatics,2032,induced_va,18766.426755852845
low,line,c3,aromatics,2032,total_va,434408.0267558528
low,line,c3,aromatics,2032,household_income,195483.61204013377
low,line,c3,aromatics,2032,import_substitution,63360.0
low,line,c3,aromatics,2032,exports,1203840.0
low,line,c3,aromatics,2032,imported_inputs,126720.0
low,line,c3,aromatics,2032,forgone_exports,1267200.0
low,line,c3,aromatics,2032,net_fx,-126720.0
low,line,c3,aromatics,2032,jobs,19.2
low,line,c3,aromatics,2032,investment,960000.0000000003
low,line,c3,aromatics,2032,capital_goods_imports,816000.0000000002
low,line,c3,aromatics,2032,tax_gross,10860.200668896321
low,line,c3,aromatics,2032,customs_forgone,3801.6
low,line,c3,aromatics,2032,tax_revenue,7058.600668896321
low,line,c3,stoves,2028,volume,900.0
low,line,c3,stoves,2028,gross_output,13500.0
low,line,c3,stoves,2028,value_added,2700.0
low,line,c3,stoves,2028,indirect_va,729.0
low,line,c3,stoves,2028,induced_va,154.82107023411373
low,line,c3,stoves,2028,total_va,3583.821070234114
low,line,c3,stoves,2028,household_income,1612.7194816053513
low,line,c3,stoves,2028,import_substitution,6750.0
low,line,c3,stoves,2028,exports,0.0
low,line,c3,stoves,2028,imported_inputs,6750.0
low,line,c3,stoves,2028,forgone_exports,0.0
low,line,c3,stoves,2028,net_fx,0.0
low,line,c3,stoves,2028,jobs,2.5
low,line,c3,stoves,2028,investment,100000.0
low,line,c3,stoves,2028,capital_goods_imports,85000.0
low,line,c3,stoves,2028,tax_gross,89.59552675585286
low,line,c3,stoves,2028,customs_forgone,405.0
low,line,c3,stoves,2028,tax_revenue,-315.40447324414714
low,line,c3,stoves,2029,volume,5700.0
low,line,c3,stoves,2029,gross_output,85500.0
low,line,c3,stoves,2029,value_added,17100.0
low,line,c3,stoves,2029,indirect_va,4617.0
low,line,c3,stoves,2029,induced_va,980.5334448160536
low,line,c3,stoves,2029,total_va,22697.533444816054
low,line,c3,stoves,2029,household_income,10213.890050167225
low,line,c3,stoves,2029,import_substitution,42750.0
low,line,c3,stoves,2029,exports,0.0
low,line,c3,stoves,2029,imported_inputs,42750.0
low,line,c3,stoves,2029,forgone_exports,0.0
low,line,c3,stoves,2029,net_fx,0.0
low,line,c3,stoves,2029,jobs,10.0
low,line,c3,stoves,2029,investment,300000.00000000006
low,line,c3,stoves,2029,capital_goods_imports,255000.00000000003
low,line,c3,stoves,2029,tax_gross,567.4383361204013
low,line,c3,stoves,2029,customs_forgone,2565.0
low,line,c3,stoves,2029,tax_revenue,-1997.5616638795987
low,line,c3,stoves,2030,volume,15600.0
low,line,c3,stoves,2030,gross_output,234000.0
low,line,c3,stoves,2030,value_added,46800.0
low,line,c3,stoves,2030,indirect_va,12636.0
low,line,c3,stoves,2030,induced_va,2683.565217391305
low,line,c3,stoves,2030,total_va,62119.565217391304
low,line,c3,stoves,2030,household_income,27953.804347826088
low,line,c3,stoves,2030,import_substitution,117000.0
low,line,c3,stoves,2030,exports,0.0
low,line,c3,stoves,2030,imported_inputs,117000.0
low,line,c3,stoves,2030,forgone_exports,0.0
low,line,c3,stoves,2030,net_fx,0.0
low,line,c3,stoves,2030,jobs,20.0
low,line,c3,stoves,2030,investment,400000.0
low,line,c3,stoves,2030,capital_goods_imports,340000.0
low,line,c3,stoves,2030,tax_gross,1552.9891304347827
low,line,c3,stoves,2030,customs_forgone,7020.0
low,line,c3,stoves,2030,tax_revenue,-5467.010869565217
low,line,c3,stoves,2031,volume,27600.0
low,line,c3,stoves,2031,gross_output,414000.0
low,line,c3,stoves,2031,value_added,82800.0
low,line,c3,stoves,2031,indirect_va,22356.0
low,line,c3,stoves,2031,induced_va,4747.846153846155
low,line,c3,stoves,2031,total_va,109903.84615384616
low,line,c3,stoves,2031,household_income,49456.73076923077
low,line,c3,stoves,2031,import_substitution,207000.0
low,line,c3,stoves,2031,exports,0.0
low,line,c3,stoves,2031,imported_inputs,207000.0
low,line,c3,stoves,2031,forgone_exports,0.0
low,line,c3,stoves,2031,net_fx,0.0
low,line,c3,stoves,2031,jobs,30.0
low,line,c3,stoves,2031,investment,399999.99999999994
low,line,c3,stoves,2031,capital_goods_imports,339999.99999999994
low,line,c3,stoves,2031,tax_gross,2747.5961538461543
low,line,c3,stoves,2031,customs_forgone,12420.0
low,line,c3,stoves,2031,tax_revenue,-9672.403846153846
low,line,c3,stoves,2032,volume,39600.0
low,line,c3,stoves,2032,gross_output,594000.0
low,line,c3,stoves,2032,value_added,118800.0
low,line,c3,stoves,2032,indirect_va,32076.0
low,line,c3,stoves,2032,induced_va,6812.1270903010045
low,line,c3,stoves,2032,total_va,157688.12709030102
low,line,c3,stoves,2032,household_income,70959.65719063547
low,line,c3,stoves,2032,import_substitution,297000.0
low,line,c3,stoves,2032,exports,0.0
low,line,c3,stoves,2032,imported_inputs,297000.0
low,line,c3,stoves,2032,forgone_exports,0.0
low,line,c3,stoves,2032,net_fx,0.0
low,line,c3,stoves,2032,jobs,40.0
low,line,c3,stoves,2032,investment,400000.0000000001
low,line,c3,stoves,2032,capital_goods_imports,340000.0000000001
low,line,c3,stoves,2032,tax_gross,3942.2031772575256
low,line,c3,stoves,2032,customs_forgone,17820.0
low,line,c3,stoves,2032,tax_revenue,-13877.796822742475
low,line,c3,pellets,2028,volume,150.0
low,line,c3,pellets,2028,gross_output,3300.0
low,line,c3,pellets,2028,value_added,825.0
low,line,c3,pellets,2028,indirect_va,772.1999999999999
low,line,c3,pellets,2028,induced_va,72.11438127090301
low,line,c3,pellets,2028,total_va,1669.314381270903
low,line,c3,pellets,2028,household_income,751.1914715719063
low,line,c3,pellets,2028,import_substitution,0.0
low,line,c3,pellets,2028,exports,0.0
low,line,c3,pellets,2028,imported_inputs,330.0
low,line,c3,pellets,2028,forgone_exports,0.0
low,line,c3,pellets,2028,net_fx,-330.0
low,line,c3,pellets,2028,jobs,1.0
low,line,c3,pellets,2028,investment,250000.0
low,line,c3,pellets,2028,capital_goods_imports,212500.0
low,line,c3,pellets,2028,tax_gross,41.732859531772576
low,line,c3,pellets,2028,customs_forgone,0.0
low,line,c3,pellets,2028,tax_revenue,41.732859531772576
low,line,c3,pellets,2029,volume,950.0
low,line,c3,pellets,2029,gross_output,20900.0
low,line,c3,pellets,2029,value_added,5225.0
low,line,c3,pellets,2029,indirect_va,4890.599999999999
low,line,c3,pellets,2029,induced_va,456.7244147157191
low,line,c3,pellets,2029,total_va,10572.324414715718
low,line,c3,pellets,2029,household_income,4757.5459866220735
low,line,c3,pellets,2029,import_substitution,0.0
low,line,c3,pellets,2029,exports,0.0
low,line,c3,pellets,2029,imported_inputs,2090.0
low,line,c3,pellets,2029,forgone_exports,0.0
low,line,c3,pellets,2029,net_fx,-2090.0
low,line,c3,pellets,2029,jobs,4.0
low,line,c3,pellets,2029,investment,750000.0000000001
low,line,c3,pellets,2029,capital_goods_imports,637500.0000000001
low,line,c3,pellets,2029,tax_gross,264.308110367893
low,line,c3,pellets,2029,customs_forgone,0.0
low,line,c3,pellets,2029,tax_revenue,264.308110367893
low,line,c3,pellets,2030,volume,2600.0
low,line,c3,pellets,2030,gross_output,57200.0
low,line,c3,pellets,2030,value_added,14300.0
low,line,c3,pellets,2030,indirect_va,13384.8
low,line,c3,pellets,2030,induced_va,1249.9826086956523
low,line,c3,pellets,2030,total_va,28934.782608695652
low,line,c3,pellets,2030,household_income,13020.652173913044
low,line,c3,pellets,2030,import_substitution,0.0
low,line,c3,pellets,2030,exports,0.0
low,line,c3,pellets,2030,imported_inputs,5720.0
low,line,c3,pellets,2030,forgone_exports,0.0
low,line,c3,pellets,2030,net_fx,-5720.0
low,line,c3,pellets,2030,jobs,8.0
low,line,c3,pellets,2030,investment,1000000.0
low,line,c3,pellets,2030,capital_goods_imports,850000.0
low,line,c3,pellets,2030,tax_gross,723.3695652173914
low,line,c3,pellets,2030,customs_forgone,0.0
low,line,c3,pellets,2030,tax_revenue,723.3695652173914
low,line,c3,pellets,2031,volume,4600.0
low,line,c3,pellets,2031,gross_output,101200.0
low,line,c3,pellets,2031,value_added,25300.0
low,line,c3,pellets,2031,indirect_va,23680.8
low,line,c3,pellets,2031,induced_va,2211.5076923076927
low,line,c3,pellets,2031,total_va,51192.307692307695
low,line,c3,pellets,2031,household_income,23036.538461538465
low,line,c3,pellets,2031,import_substitution,0.0
low,line,c3,pellets,2031,exports,0.0
low,line,c3,pellets,2031,imported_inputs,10120.0
low,line,c3,pellets,2031,forgone_exports,0.0
low,line,c3,pellets,2031,net_fx,-10120.0
low,line,c3,pellets,2031,jobs,12.0
low,line,c3,pellets,2031,investment,999999.9999999998
low,line,c3,pellets,2031,capital_goods_imports,849999.9999999998
low,line,c3,pellets,2031,tax_gross,1279.8076923076924
low,line,c3,pellets,2031,customs_forgone,0.0
low,line,c3,pellets,2031,tax_revenue,1279.8076923076924
low,line,c3,pellets,2032,volume,6600.0
low,line,c3,pellets,2032,gross_output,145200.0
low,line,c3,pellets,2032,value_added,36300.0
low,line,c3,pellets,2032,indirect_va,33976.799999999996
low,line,c3,pellets,2032,induced_va,3173.0327759197326
low,line,c3,pellets,2032,total_va,73449.83277591973
low,line,c3,pellets,2032,household_income,33052.42474916388
low,line,c3,pellets,2032,import_substitution,0.0
low,line,c3,pellets,2032,exports,0.0
low,line,c3,pellets,2032,imported_inputs,14520.0
low,line,c3,pellets,2032,forgone_exports,0.0
low,line,c3,pellets,2032,net_fx,-14520.0
low,line,c3,pellets,2032,jobs,16.0
low,line,c3,pellets,2032,investment,1000000.0000000003
low,line,c3,pellets,2032,capital_goods_imports,850000.0000000002
low,line,c3,pellets,2032,tax_gross,1836.2458193979933
low,line,c3,pellets,2032,customs_forgone,0.0
low,line,c3,pellets,2032,tax_revenue,1836.2458193979933
low,line,c4,bpo,2028,volume,19.5
low,line,c4,bpo,2028,gross_output,81900.0
low,line,c4,bpo,2028,value_added,33579.0
low,line,c4,bpo,2028,indirect_va,10810.8
low,line,c4,bpo,2028,induced_va,2004.2217391304355
low,line,c4,bpo,2028,total_va,46394.02173913044
low,line,c4,bpo,2028,household_income,20877.3097826087
low,line,c4,bpo,2028,import_substitution,0.0
low,line,c4,bpo,2028,exports,81900.0
low,line,c4,bpo,2028,imported_inputs,12285.0
low,line,c4,bpo,2028,forgone_exports,0.0
low,line,c4,bpo,2028,net_fx,69615.0
low,line,c4,bpo,2028,jobs,66.0
low,line,c4,bpo,2028,investment,700000.0
low,line,c4,bpo,2028,capital_goods_imports,595000.0
low,line,c4,bpo,2028,tax_gross,1159.850543478261
low,line,c4,bpo,2028,customs_forgone,0.0
low,line,c4,bpo,2028,tax_revenue,1159.850543478261
low,line,c4,bpo,2029,volume,123.5
low,line,c4,bpo,2029,gross_output,518700.0
low,line,c4,bpo,2029,value_added,212667.0
low,line,c4,bpo,2029,indirect_va,68468.4
low,line,c4,bpo,2029,induced_va,12693.40434782609
low,line,c4,bpo,2029,total_va,293828.8043478261
low,line,c4,bpo,2029,household_income,132222.96195652176
low,line,c4,bpo,2029,import_substitution,0.0
low,line,c4,bpo,2029,exports,518700.0
low,line,c4,bpo,2029,imported_inputs,77805.0
low,line,c4,bpo,2029,forgone_exports,0.0
low,line,c4,bpo,2029,net_fx,440895.0
low,line,c4,bpo,2029,jobs,264.0
low,line,c4,bpo,2029,investment,2100000.0000000005
low,line,c4,bpo,2029,capital_goods_imports,1785000.0000000002
low,line,c4,bpo,2029,tax_gross,7345.720108695653
low,line,c4,bpo,2029,customs_forgone,0.0
low,line,c4,bpo,2029,tax_revenue,7345.720108695653
low,line,c4,bpo,2030,volume,338.0
low,line,c4,bpo,2030,gross_output,1419600.0
low,line,c4,bpo,2030,value_added,582036.0
low,line,c4,bpo,2030,indirect_va,187387.19999999998
low,line,c4,bpo,2030,induced_va,34739.843478260875
low,line,c4,bpo,2030,total_va,804163.0434782609
low,line,c4,bpo,2030,household_income,361873.3695652174
low,line,c4,bpo,2030,import_substitution,0.0
low,line,c4,bpo,2030,exports,1419600.0
low,line,c4,bpo,2030,imported_inputs,212940.0
low,line,c4,bpo,2030,forgone_exports,0.0
low,line,c4,bpo,2030,net_fx,1206660.0
low,line,c4,bpo,2030,jobs,528.0
low,line,c4,bpo,2030,investment,2800000.0
low,line,c4,bpo,2030,capital_goods_imports,2380000.0
low,line,c4,bpo,2030,tax_gross,20104.076086956524
low,line,c4,bpo,2030,customs_forgone,0.0
low,line,c4,bpo,2030,tax_revenue,20104.076086956524
low,line,c4,bpo,2031,volume,598.0
low,line,c4,bpo,2031,gross_output,2511600.0
low,line,c4,bpo,2031,value_added,1029756.0
low,line,c4,bpo,2031,indirect_va,331531.2
low,line,c4,bpo,2031,induced_va,61462.80000000001
low,line,c4,bpo,2031,total_va,1422750.0
low,line,c4,bpo,2031,household_income,640237.5
low,line,c4,bpo,2031,import_substitution,0.0
low,line,c4,bpo,2031,exports,2511600.0
low,line,c4,bpo,2031,imported_inputs,376740.0
low,line,c4,bpo,2031,forgone_exports,0.0
low,line,c4,bpo,2031,net_fx,2134860.0
low,line,c4,bpo,2031,jobs,792.0
low,line,c4,bpo,2031,investment,2799999.999999999
low,line,c4,bpo,2031,capital_goods_imports,2379999.999999999
low,line,c4,bpo,2031,tax_gross,35568.75
low,line,c4,bpo,2031,customs_forgone,0.0
low,line,c4,bpo,2031,tax_revenue,35568.75
low,line,c4,bpo,2032,volume,858.0
low,line,c4,bpo,2032,gross_output,3603600.0
low,line,c4,bpo,2032,value_added,1477476.0
low,line,c4,bpo,2032,indirect_va,475675.19999999995
low,line,c4,bpo,2032,induced_va,88185.75652173915
low,line,c4,bpo,2032,total_va,2041336.956521739
low,line,c4,bpo,2032,household_income,918601.6304347826
low,line,c4,bpo,2032,import_substitution,0.0
low,line,c4,bpo,2032,exports,3603600.0
low,line,c4,bpo,2032,imported_inputs,540540.0
low,line,c4,bpo,2032,forgone_exports,0.0
low,line,c4,bpo,2032,net_fx,3063060.0
low,line,c4,bpo,2032,jobs,1056.0
low,line,c4,bpo,2032,investment,2800000.000000001
low,line,c4,bpo,2032,capital_goods_imports,2380000.000000001
low,line,c4,bpo,2032,tax_gross,51033.42391304348
low,line,c4,bpo,2032,customs_forgone,0.0
low,line,c4,bpo,2032,tax_revenue,51033.42391304348
low,cluster,c1,c1,2028,volume,12712.500000000002
low,cluster,c1,c1,2028,gross_output,593325.0
low,cluster,c1,c1,2028,value_added,104874.75
low,cluster,c1,c1,2028,indirect_va,80010.18
low,cluster,c1,c1,2028,induced_va,8347.647341137126
low,cluster,c1,c1,2028,total_va,193232.57734113713
low,cluster,c1,c1,2028,household_income,86954.65980351172
low,cluster,c1,c1,2028,import_substitution,76342.5
low,cluster,c1,c1,2028,exports,516982.5
low,cluster,c1,c1,2028,imported_inputs,75127.5
low,cluster,c1,c1,2028,forgone_exports,274725.0
low,cluster,c1,c1,2028,net_fx,243472.5
low,cluster,c1,c1,2028,jobs,35.099999999999994
low,cluster,c1,c1,2028,investment,4800000.0
low,cluster,c1,c1,2028,capital_goods_imports,4080000.0
low,cluster,c1,c1,2028,tax_gross,4830.814433528429
low,cluster,c1,c1,2028,customs_forgone,4580.55
low,cluster,c1,c1,2028,tax_revenue,250.26443352842898
low,cluster,c1,c1,2028,net_fx,243472.5
low,cluster,c1,c1,2029,volume,80512.50000000001
low,cluster,c1,c1,2029,gross_output,3757725.0
low,cluster,c1,c1,2029,value_added,664206.75
low,cluster,c1,c1,2029,indirect_va,506731.14
low,cluster,c1,c1,2029,induced_va,52868.43316053513
low,cluster,c1,c1,2029,total_va,1223806.3231605352
low,cluster,c1,c1,2029,household_income,550712.8454222408
low,cluster,c1,c1,2029,import_substitution,483502.5
low,cluster,c1,c1,2029,exports,3274222.5
low,cluster,c1,c1,2029,imported_inputs,475807.5
low,cluster,c1,c1,2029,forgone_exports,1739925.0
low,cluster,c1,c1,2029,net_fx,1541992.5
low,cluster,c1,c1,2029,jobs,140.39999999999998
low,cluster,c1,c1,2029,investment,14400000.000000002
low,cluster,c1,c1,2029,capital_goods_imports,12240000.000000002
low,cluster,c1,c1,2029,tax_gross,30595.158079013374
low,cluster,c1,c1,2029,customs_forgone,29010.15
low,cluster,c1,c1,2029,tax_revenue,1585.0080790133761
low,cluster,c1,c1,2029,net_fx,1541992.5
low,cluster,c1,c1,2030,volume,220350.00000000003
low,cluster,c1,c1,2030,gross_output,10284300.0
low,cluster,c1,c1,2030,value_added,1817829.0
low,cluster,c1,c1,2030,indirect_va,1386843.12
low,cluster,c1,c1,2030,induced_va,144692.5539130435
low,cluster,c1,c1,2030,total_va,3349364.673913043
low,cluster,c1,c1,2030,household_income,1507214.1032608696
low,cluster,c1,c1,2030,import_substitution,1323270.0
low,cluster,c1,c1,2030,exports,8961030.0
low,cluster,c1,c1,2030,imported_inputs,1302210.0
low,cluster,c1,c1,2030,forgone_exports,4761900.0
low,cluster,c1,c1,2030,net_fx,4220190.0
low,cluster,c1,c1,2030,jobs,280.79999999999995
low,cluster,c1,c1,2030,investment,19200000.0
low,cluster,c1,c1,2030,capital_goods_imports,16320000.0
low,cluster,c1,c1,2030,tax_gross,83734.11684782608
low,cluster,c1,c1,2030,customs_forgone,79396.2
low,cluster,c1,c1,2030,tax_revenue,4337.9168478260835
low,cluster,c1,c1,2030,net_fx,4220190.0
low,cluster,c1,c1,2031,volume,389850.00000000006
low,cluster,c1,c1,2031,gross_output,18195300.0
low,cluster,c1,c1,2031,value_added,3216159.0000000005
low,cluster,c1,c1,2031,indirect_va,2453645.52
low,cluster,c1,c1,2031,induced_va,255994.51846153854
low,cluster,c1,c1,2031,total_va,5925799.038461539
low,cluster,c1,c1,2031,household_income,2666609.567307693
low,cluster,c1,c1,2031,import_substitution,2341170.0
low,cluster,c1,c1,2031,exports,15854130.0
low,cluster,c1,c1,2031,imported_inputs,2303910.0
low,cluster,c1,c1,2031,forgone_exports,8424900.0
low,cluster,c1,c1,2031,net_fx,7466490.0
low,cluster,c1,c1,2031,jobs,421.2
low,cluster,c1,c1,2031,investment,19199999.999999996
low,cluster,c1,c1,2031,capital_goods_imports,16319999.999999996
low,cluster,c1,c1,2031,tax_gross,148144.9759615385
low,cluster,c1,c1,2031,customs_forgone,140470.2
low,cluster,c1,c1,2031,tax_revenue,7674.775961538486
low,cluster,c1,c1,2031,net_fx,7466490.0
low,cluster,c1,c1,2032,volume,559350.0000000001
low,cluster,c1,c1,2032,gross_output,26106300.0
low,cluster,c1,c1,2032,value_added,4614489.0
low,cluster,c1,c1,2032,indirect_va,3520447.92
low,cluster,c1,c1,2032,induced_va,367296.4830100335
low,cluster,c1,c1,2032,total_va,8502233.403010033
low,cluster,c1,c1,2032,household_income,3826005.031354515
low,cluster,c1,c1,2032,import_substitution,3359070.0
low,cluster,c1,c1,2032,exports,22747230.0
low,cluster,c1,c1,2032,imported_inputs,3305610.0
low,cluster,c1,c1,2032,forgone_exports,12087900.0
low,cluster,c1,c1,2032,net_fx,10712790.0
low,cluster,c1,c1,2032,jobs,561.5999999999999
low,cluster,c1,c1,2032,investment,19200000.000000007
low,cluster,c1,c1,2032,capital_goods_imports,16320000.000000004
low,cluster,c1,c1,2032,tax_gross,212555.83507525083
low,cluster,c1,c1,2032,customs_forgone,201544.2
low,cluster,c1,c1,2032,tax_revenue,11011.635075250844
low,cluster,c1,c1,2032,net_fx,10712790.0
low,cluster,c2,c2,2028,volume,228.75
low,cluster,c2,c2,2028,gross_output,141660.0
low,cluster,c2,c2,2028,value_added,16159.05
low,cluster,c2,c2,2028,indirect_va,11860.046999999999
low,cluster,c2,c2,2028,induced_va,1265.0762859531774
low,cluster,c2,c2,2028,total_va,29284.173285953177
low,cluster,c2,c2,2028,household_income,13177.877978678931
low,cluster,c2,c2,2028,import_substitution,14449.5
low,cluster,c2,c2,2028,exports,122654.25
low,cluster,c2,c2,2028,imported_inputs,10453.5
low,cluster,c2,c2,2028,forgone_exports,118575.0
low,cluster,c2,c2,2028,net_fx,8075.25
low,cluster,c2,c2,2028,jobs,5.699999999999999
low,cluster,c2,c2,2028,investment,2090000.0
low,cluster,c2,c2,2028,capital_goods_imports,1776500.0
low,cluster,c2,c2,2028,tax_gross,732.1043321488295
low,cluster,c2,c2,2028,customs_forgone,866.9699999999999
low,cluster,c2,c2,2028,tax_revenue,-134.86566785117043
low,cluster,c2,c2,2028,net_fx,8075.25
low,cluster,c2,c2,2029,volume,1448.75
low,cluster,c2,c2,2029,gross_output,897180.0
low,cluster,c2,c2,2029,value_added,102340.65
low,cluster,c2,c2,2029,indirect_va,75113.631
low,cluster,c2,c2,2029,induced_va,8012.149811036791
low,cluster,c2,c2,2029,total_va,185466.4308110368
low,cluster,c2,c2,2029,household_income,83459.89386496655
low,cluster,c2,c2,2029,import_substitution,91513.5
low,cluster,c2,c2,2029,exports,776810.25
low,cluster,c2,c2,2029,imported_inputs,66205.5
low,cluster,c2,c2,2029,forgone_exports,750975.0
low,cluster,c2,c2,2029,net_fx,51143.25
low,cluster,c2,c2,2029,jobs,22.799999999999997
low,cluster,c2,c2,2029,investment,6270000.000000001
low,cluster,c2,c2,2029,capital_goods_imports,5329500.000000001
low,cluster,c2,c2,2029,tax_gross,4636.66077027592
low,cluster,c2,c2,2029,customs_forgone,5490.8099999999995
low,cluster,c2,c2,2029,tax_revenue,-854.1492297240795
low,cluster,c2,c2,2029,net_fx,51143.25
low,cluster,c2,c2,2030,volume,3965.0
low,cluster,c2,c2,2030,gross_output,2455440.0
low,cluster,c2,c2,2030,value_added,280090.2
low,cluster,c2,c2,2030,indirect_va,205574.148
low,cluster,c2,c2,2030,induced_va,21927.98895652174
low,cluster,c2,c2,2030,total_va,507592.3369565217
low,cluster,c2,c2,2030,household_income,228416.55163043475
low,cluster,c2,c2,2030,import_substitution,250458.0
low,cluster,c2,c2,2030,exports,2126007.0
low,cluster,c2,c2,2030,imported_inputs,181194.0
low,cluster,c2,c2,2030,forgone_exports,2055300.0
low,cluster,c2,c2,2030,net_fx,139971.0
low,cluster,c2,c2,2030,jobs,45.599999999999994
low,cluster,c2,c2,2030,investment,8360000.0
low,cluster,c2,c2,2030,capital_goods_imports,7106000.0
low,cluster,c2,c2,2030,tax_gross,12689.808423913044
low,cluster,c2,c2,2030,customs_forgone,15027.48
low,cluster,c2,c2,2030,tax_revenue,-2337.6715760869556
low,cluster,c2,c2,2030,net_fx,139971.0
low,cluster,c2,c2,2031,volume,7015.0
low,cluster,c2,c2,2031,gross_output,4344240.0
low,cluster,c2,c2,2031,value_added,495544.2
low,cluster,c2,c2,2031,indirect_va,363708.108
low,cluster,c2,c2,2031,induced_va,38795.672769230776
low,cluster,c2,c2,2031,total_va,898047.9807692308
low,cluster,c2,c2,2031,household_income,404121.5913461539
low,cluster,c2,c2,2031,import_substitution,443118.0
low,cluster,c2,c2,2031,exports,3761397.0
low,cluster,c2,c2,2031,imported_inputs,320574.0
low,cluster,c2,c2,2031,forgone_exports,3636300.0
low,cluster,c2,c2,2031,net_fx,247641.0
low,cluster,c2,c2,2031,jobs,68.39999999999999
low,cluster,c2,c2,2031,investment,8359999.999999999
low,cluster,c2,c2,2031,capital_goods_imports,7105999.999999999
low,cluster,c2,c2,2031,tax_gross,22451.199519230773
low,cluster,c2,c2,2031,customs_forgone,26587.079999999998
low,cluster,c2,c2,2031,tax_revenue,-4135.880480769227
low,cluster,c2,c2,2031,net_fx,247641.0
low,cluster,c2,c2,2032,volume,10065.0
low,cluster,c2,c2,2032,gross_output,6233040.0
low,cluster,c2,c2,2032,value_added,710998.2
low,cluster,c2,c2,2032,indirect_va,521842.06799999997
low,cluster,c2,c2,2032,induced_va,55663.35658193981
low,cluster,c2,c2,2032,total_va,1288503.6245819398
low,cluster,c2,c2,2032,household_income,579826.6310618729
low,cluster,c2,c2,2032,import_substitution,635778.0
low,cluster,c2,c2,2032,exports,5396787.0
low,cluster,c2,c2,2032,imported_inputs,459954.0
low,cluster,c2,c2,2032,forgone_exports,5217300.0
low,cluster,c2,c2,2032,net_fx,355311.0
low,cluster,c2,c2,2032,jobs,91.19999999999999
low,cluster,c2,c2,2032,investment,8360000.000000002
low,cluster,c2,c2,2032,capital_goods_imports,7106000.000000002
low,cluster,c2,c2,2032,tax_gross,32212.5906145485
low,cluster,c2,c2,2032,customs_forgone,38146.68
low,cluster,c2,c2,2032,tax_revenue,-5934.089385451503
low,cluster,c2,c2,2032,net_fx,355311.0
low,cluster,c3,c3,2028,volume,204979.5
low,cluster,c3,c3,2028,gross_output,581640.0
low,cluster,c3,c3,2028,value_added,97467.0
low,cluster,c3,c3,2028,indirect_va,20624.76
low,cluster,c3,c3,2028,induced_va,5331.902207357862
low,cluster,c3,c3,2028,total_va,123423.66220735785
low,cluster,c3,c3,2028,household_income,55540.64799331104
low,cluster,c3,c3,2028,import_substitution,510696.0
low,cluster,c3,c3,2028,exports,34650.0
low,cluster,c3,c3,2028,imported_inputs,380805.0
low,cluster,c3,c3,2028,forgone_exports,28800.0
low,cluster,c3,c3,2028,net_fx,135741.0
low,cluster,c3,c3,2028,jobs,161.72
low,cluster,c3,c3,2028,investment,6915000.0
low,cluster,c3,c3,2028,capital_goods_imports,5877750.0
low,cluster,c3,c3,2028,tax_gross,3085.5915551839466
low,cluster,c3,c3,2028,customs_forgone,30641.760000000002
low,cluster,c3,c3,2028,tax_revenue,-27556.168444816056
low,cluster,c3,c3,2028,net_fx,135741.0
low,cluster,c3,c3,2029,volume,1298203.5
low,cluster,c3,c3,2029,gross_output,3683720.0
low,cluster,c3,c3,2029,value_added,617291.0
low,cluster,c3,c3,2029,indirect_va,130623.48000000003
low,cluster,c3,c3,2029,induced_va,33768.71397993311
low,cluster,c3,c3,2029,total_va,781683.193979933
low,cluster,c3,c3,2029,household_income,351757.4372909699
low,cluster,c3,c3,2029,import_substitution,3234408.0
low,cluster,c3,c3,2029,exports,219450.0
low,cluster,c3,c3,2029,imported_inputs,2411765.0
low,cluster,c3,c3,2029,forgone_exports,182400.0
low,cluster,c3,c3,2029,net_fx,859693.0
low,cluster,c3,c3,2029,jobs,646.88
low,cluster,c3,c3,2029,investment,20745000.000000004
low,cluster,c3,c3,2029,capital_goods_imports,17633250.000000004
low,cluster,c3,c3,2029,tax_gross,19542.07984949833
low,cluster,c3,c3,2029,customs_forgone,194064.48000000004
low,cluster,c3,c3,2029,tax_revenue,-174522.4001505017
low,cluster,c3,c3,2029,net_fx,859693.0
low,cluster,c3,c3,2030,volume,3552978.0
low,cluster,c3,c3,2030,gross_output,10081760.0
low,cluster,c3,c3,2030,value_added,1689428.0
low,cluster,c3,c3,2030,indirect_va,357495.83999999997
low,cluster,c3,c3,2030,induced_va,92419.63826086957
low,cluster,c3,c3,2030,total_va,2139343.4782608696
low,cluster,c3,c3,2030,household_income,962704.5652173914
low,cluster,c3,c3,2030,import_substitution,8852064.0
low,cluster,c3,c3,2030,exports,600600.0
low,cluster,c3,c3,2030,imported_inputs,6600620.0
low,cluster,c3,c3,2030,forgone_exports,499200.0
low,cluster,c3,c3,2030,net_fx,2352844.0
low,cluster,c3,c3,2030,jobs,1293.76
low,cluster,c3,c3,2030,investment,27660000.0
low,cluster,c3,c3,2030,capital_goods_imports,23511000.0
low,cluster,c3,c3,2030,tax_gross,53483.58695652174
low,cluster,c3,c3,2030,customs_forgone,531123.84
low,cluster,c3,c3,2030,tax_revenue,-477640.2530434783
low,cluster,c3,c3,2030,net_fx,2352844.0
low,cluster,c3,c3,2031,volume,6286038.0
low,cluster,c3,c3,2031,gross_output,17836960.0
low,cluster,c3,c3,2031,value_added,2988988.0
low,cluster,c3,c3,2031,indirect_va,632492.64
low,cluster,c3,c3,2031,induced_va,163511.66769230773
low,cluster,c3,c3,2031,total_va,3784992.3076923075
low,cluster,c3,c3,2031,household_income,1703246.5384615383
low,cluster,c3,c3,2031,import_substitution,15661344.0
low,cluster,c3,c3,2031,exports,1062600.0
low,cluster,c3,c3,2031,imported_inputs,11678020.0
low,cluster,c3,c3,2031,forgone_exports,883200.0
low,cluster,c3,c3,2031,net_fx,4162724.0
low,cluster,c3,c3,2031,jobs,1940.64
low,cluster,c3,c3,2031,investment,27659999.999999993
low,cluster,c3,c3,2031,capital_goods_imports,23510999.999999996
low,cluster,c3,c3,2031,tax_gross,94624.80769230767
low,cluster,c3,c3,2031,customs_forgone,939680.6399999999
low,cluster,c3,c3,2031,tax_revenue,-845055.8323076924
low,cluster,c3,c3,2031,net_fx,4162724.0
low,cluster,c3,c3,2032,volume,9019098.0
low,cluster,c3,c3,2032,gross_output,25592160.0
low,cluster,c3,c3,2032,value_added,4288548.0
low,cluster,c3,c3,2032,indirect_va,907489.4400000001
low,cluster,c3,c3,2032,induced_va,234603.6971237459
low,cluster,c3,c3,2032,total_va,5430641.137123746
low,cluster,c3,c3,2032,household_income,2443788.5117056854
low,cluster,c3,c3,2032,import_substitution,22470624.0
low,cluster,c3,c3,2032,exports,1524600.0
low,cluster,c3,c3,2032,imported_inputs,16755420.0
low,cluster,c3,c3,2032,forgone_exports,1267200.0
low,cluster,c3,c3,2032,net_fx,5972604.0
low,cluster,c3,c3,2032,jobs,2587.52
low,cluster,c3,c3,2032,investment,27660000.000000007
low,cluster,c3,c3,2032,capital_goods_imports,23511000.000000007
low,cluster,c3,c3,2032,tax_gross,135766.02842809365
low,cluster,c3,c3,2032,customs_forgone,1348237.44
low,cluster,c3,c3,2032,tax_revenue,-1212471.4115719066
low,cluster,c3,c3,2032,net_fx,5972604.0
low,cluster,c4,c4,2028,volume,19.5
low,cluster,c4,c4,2028,gross_output,81900.0
low,cluster,c4,c4,2028,value_added,33579.0
low,cluster,c4,c4,2028,indirect_va,10810.8
low,cluster,c4,c4,2028,induced_va,2004.2217391304355
low,cluster,c4,c4,2028,total_va,46394.02173913044
low,cluster,c4,c4,2028,household_income,20877.3097826087
low,cluster,c4,c4,2028,import_substitution,0.0
low,cluster,c4,c4,2028,exports,81900.0
low,cluster,c4,c4,2028,imported_inputs,12285.0
low,cluster,c4,c4,2028,forgone_exports,0.0
low,cluster,c4,c4,2028,net_fx,69615.0
low,cluster,c4,c4,2028,jobs,66.0
low,cluster,c4,c4,2028,investment,700000.0
low,cluster,c4,c4,2028,capital_goods_imports,595000.0
low,cluster,c4,c4,2028,tax_gross,1159.850543478261
low,cluster,c4,c4,2028,customs_forgone,0.0
low,cluster,c4,c4,2028,tax_revenue,1159.850543478261
low,cluster,c4,c4,2028,net_fx,69615.0
low,cluster,c4,c4,2029,volume,123.5
low,cluster,c4,c4,2029,gross_output,518700.0
low,cluster,c4,c4,2029,value_added,212667.0
low,cluster,c4,c4,2029,indirect_va,68468.4
low,cluster,c4,c4,2029,induced_va,12693.40434782609
low,cluster,c4,c4,2029,total_va,293828.8043478261
low,cluster,c4,c4,2029,household_income,132222.96195652176
low,cluster,c4,c4,2029,import_substitution,0.0
low,cluster,c4,c4,2029,exports,518700.0
low,cluster,c4,c4,2029,imported_inputs,77805.0
low,cluster,c4,c4,2029,forgone_exports,0.0
low,cluster,c4,c4,2029,net_fx,440895.0
low,cluster,c4,c4,2029,jobs,264.0
low,cluster,c4,c4,2029,investment,2100000.0000000005
low,cluster,c4,c4,2029,capital_goods_imports,1785000.0000000002
low,cluster,c4,c4,2029,tax_gross,7345.720108695653
low,cluster,c4,c4,2029,customs_forgone,0.0
low,cluster,c4,c4,2029,tax_revenue,7345.720108695653
low,cluster,c4,c4,2029,net_fx,440895.0
low,cluster,c4,c4,2030,volume,338.0
low,cluster,c4,c4,2030,gross_output,1419600.0
low,cluster,c4,c4,2030,value_added,582036.0
low,cluster,c4,c4,2030,indirect_va,187387.19999999998
low,cluster,c4,c4,2030,induced_va,34739.843478260875
low,cluster,c4,c4,2030,total_va,804163.0434782609
low,cluster,c4,c4,2030,household_income,361873.3695652174
low,cluster,c4,c4,2030,import_substitution,0.0
low,cluster,c4,c4,2030,exports,1419600.0
low,cluster,c4,c4,2030,imported_inputs,212940.0
low,cluster,c4,c4,2030,forgone_exports,0.0
low,cluster,c4,c4,2030,net_fx,1206660.0
low,cluster,c4,c4,2030,jobs,528.0
low,cluster,c4,c4,2030,investment,2800000.0
low,cluster,c4,c4,2030,capital_goods_imports,2380000.0
low,cluster,c4,c4,2030,tax_gross,20104.076086956524
low,cluster,c4,c4,2030,customs_forgone,0.0
low,cluster,c4,c4,2030,tax_revenue,20104.076086956524
low,cluster,c4,c4,2030,net_fx,1206660.0
low,cluster,c4,c4,2031,volume,598.0
low,cluster,c4,c4,2031,gross_output,2511600.0
low,cluster,c4,c4,2031,value_added,1029756.0
low,cluster,c4,c4,2031,indirect_va,331531.2
low,cluster,c4,c4,2031,induced_va,61462.80000000001
low,cluster,c4,c4,2031,total_va,1422750.0
low,cluster,c4,c4,2031,household_income,640237.5
low,cluster,c4,c4,2031,import_substitution,0.0
low,cluster,c4,c4,2031,exports,2511600.0
low,cluster,c4,c4,2031,imported_inputs,376740.0
low,cluster,c4,c4,2031,forgone_exports,0.0
low,cluster,c4,c4,2031,net_fx,2134860.0
low,cluster,c4,c4,2031,jobs,792.0
low,cluster,c4,c4,2031,investment,2799999.999999999
low,cluster,c4,c4,2031,capital_goods_imports,2379999.999999999
low,cluster,c4,c4,2031,tax_gross,35568.75
low,cluster,c4,c4,2031,customs_forgone,0.0
low,cluster,c4,c4,2031,tax_revenue,35568.75
low,cluster,c4,c4,2031,net_fx,2134860.0
low,cluster,c4,c4,2032,volume,858.0
low,cluster,c4,c4,2032,gross_output,3603600.0
low,cluster,c4,c4,2032,value_added,1477476.0
low,cluster,c4,c4,2032,indirect_va,475675.19999999995
low,cluster,c4,c4,2032,induced_va,88185.75652173915
low,cluster,c4,c4,2032,total_va,2041336.956521739
low,cluster,c4,c4,2032,household_income,918601.6304347826
low,cluster,c4,c4,2032,import_substitution,0.0
low,cluster,c4,c4,2032,exports,3603600.0
low,cluster,c4,c4,2032,imported_inputs,540540.0
low,cluster,c4,c4,2032,forgone_exports,0.0
low,cluster,c4,c4,2032,net_fx,3063060.0
low,cluster,c4,c4,2032,jobs,1056.0
low,cluster,c4,c4,2032,investment,2800000.000000001
low,cluster,c4,c4,2032,capital_goods_imports,2380000.000000001
low,cluster,c4,c4,2032,tax_gross,51033.42391304348
low,cluster,c4,c4,2032,customs_forgone,0.0
low,cluster,c4,c4,2032,tax_revenue,51033.42391304348
low,cluster,c4,c4,2032,net_fx,3063060.0
low,national,all,national,2028,volume,217940.25
low,national,all,national,2028,gross_output,1398525.0
low,national,all,national,2028,value_added,252079.8
low,national,all,national,2028,indirect_va,123305.78699999998
low,national,all,national,2028,induced_va,16948.8475735786
low,national,all,national,2028,total_va,392334.4345735786
low,national,all,national,2028,household_income,176550.49555811042
low,national,all,national,2028,import_substitution,601488.0
low,national,all,national,2028,exports,756186.75
low,national,all,national,2028,imported_inputs,478671.0
low,national,all,national,2028,forgone_exports,422100.0
low,national,all,national,2028,net_fx,456903.75
low,national,all,national,2028,jobs,268.52
low,national,all,national,2028,investment,14505000.0
low,national,all,national,2028,capital_goods_imports,12329250.0
low,national,all,national,2028,tax_gross,9808.360864339465
low,national,all,national,2028,customs_forgone,36089.28
low,national,all,national,2028,tax_revenue,-26280.919135660537
low,national,all,national,2028,net_fx,456903.75
low,national,all,national,2028,va_share_gdp,1.4937970160065383e-05
low,macro,all,gdp,2028,gdp_usd,16875104000.0
low,climate,minigrid,minigrid,2028,mwh,378.43199999999996
low,climate,minigrid,minigrid,2028,avoided_t,261.87494399999997
low,climate,minigrid,minigrid,2028,investment,2720000.0
low,climate,minigrid,minigrid,2028,cost_saving,1792.038103226814
low,climate,irrigation,irrigation,2028,avoided_t,59.884875
low,climate,irrigation,irrigation,2028,investment,500000.0
low,climate,irrigation,irrigation,2028,fuel_saving,13500.0
low,climate,waste,waste,2028,avoided_t,-224.99999999999994
low,climate,waste,waste,2028,investment,525000.0
low,climate,ebus,ebus,2028,avoided_t,8.623513125000002
low,climate,ebus,ebus,2028,investment,1125000.0
low,climate,cooking,cooking,2028,avoided_t,136.62
low,climate,cooking,cooking,2028,stove_avoided_t,118.80000000000001
low,climate,cooking,cooking,2028,stove_creditable_t,23.759999999999998
low,climate,cooking,cooking,2028,pellet_avoided_t,17.82
low,climate,cooking,cooking,2028,stoves_in_use,450.0
low,climate,cooking,cooking,2028,household_saving,25680.0
low,climate,cooking,cooking,2028,subsidy,9000.0
low,climate,cooking,cooking,2028,investment,0.0
low,national,all,national,2029,volume,1380288.25
low,national,all,national,2029,gross_output,8857325.0
low,national,all,national,2029,value_added,1596505.4
low,national,all,national,2029,indirect_va,780936.651
low,national,all,national,2029,induced_va,107342.70129933112
low,national,all,national,2029,total_va,2484784.752299331
low,national,all,national,2029,household_income,1118153.138534699
low,national,all,national,2029,import_substitution,3809424.0
low,national,all,national,2029,exports,4789182.75
low,national,all,national,2029,imported_inputs,3031583.0
low,national,all,national,2029,forgone_exports,2673300.0
low,national,all,national,2029,net_fx,2893723.75
low,national,all,national,2029,jobs,1074.08
low,national,all,national,2029,investment,43515000.00000001
low,national,all,national,2029,capital_goods_imports,36987750.00000001
low,national,all,national,2029,tax_gross,62119.61880748328
low,national,all,national,2029,customs_forgone,228565.44000000003
low,national,all,national,2029,tax_revenue,-166445.82119251674
low,national,all,national,2029,net_fx,2893723.75
low,national,all,national,2029,va_share_gdp,8.704632877284447e-05
low,macro,all,gdp,2029,gdp_usd,18340870000.0
low,climate,minigrid,minigrid,2029,mwh,2396.736
low,climate,minigrid,minigrid,2029,avoided_t,1658.5413119999998
low,climate,minigrid,minigrid,2029,investment,8160000.000000001
low,climate,minigrid,minigrid,2029,cost_saving,11349.574653769823
low,climate,irrigation,irrigation,2029,avoided_t,379.270875
low,climate,irrigation,irrigation,2029,investment,1500000.0000000002
low,climate,irrigation,irrigation,2029,fuel_saving,85500.0
low,climate,waste,waste,2029,avoided_t,-1424.9999999999998
low,climate,waste,waste,2029,investment,1575000.0000000002
low,climate,ebus,ebus,2029,avoided_t,54.615583125000015
low,climate,ebus,ebus,2029,investment,3375000.0000000005
low,climate,cooking,cooking,2029,avoided_t,984.0600000000001
low,climate,cooking,cooking,2029,stove_avoided_t,871.2
low,climate,cooking,cooking,2029,stove_creditable_t,174.23999999999998
low,climate,cooking,cooking,2029,pellet_avoided_t,112.86
low,climate,cooking,cooking,2029,stoves_in_use,3300.0
low,climate,cooking,cooking,2029,household_saving,187840.0
low,climate,cooking,cooking,2029,subsidy,57000.0
low,climate,cooking,cooking,2029,investment,0.0
low,national,all,national,2030,volume,3777631.0
low,national,all,national,2030,gross_output,24241100.0
low,national,all,national,2030,value_added,4369383.2
low,national,all,national,2030,indirect_va,2137300.308
low,national,all,national,2030,induced_va,293780.02460869565
low,national,all,national,2030,total_va,6800463.532608694
low,national,all,national,2030,household_income,3060208.589673913
low,national,all,national,2030,import_substitution,10425792.0
low,national,all,national,2030,exports,13107237.0
low,national,all,national,2030,imported_inputs,8296964.0
low,national,all,national,2030,forgone_exports,7316400.0
low,national,all,national,2030,net_fx,7919665.0
low,national,all,national,2030,jobs,2148.16
low,national,all,national,2030,investment,58020000.0
low,national,all,national,2030,capital_goods_imports,49317000.0
low,national,all,national,2030,tax_gross,170011.58831521738
low,national,all,national,2030,customs_forgone,625547.52
low,national,all,national,2030,tax_revenue,-455535.9316847826
low,national,all,national,2030,net_fx,7919665.0
low,national,all,national,2030,va_share_gdp,0.00022010683186647777
low,macro,all,gdp,2030,gdp_usd,19851193000.0
low,climate,minigrid,minigrid,2030,mwh,6559.488
low,climate,minigrid,minigrid,2030,avoided_t,4539.165696
low,climate,minigrid,minigrid,2030,investment,10880000.0
low,climate,minigrid,minigrid,2030,cost_saving,31061.99378926478
low,climate,irrigation,irrigation,2030,avoided_t,1038.0045
low,climate,irrigation,irrigation,2030,investment,2000000.0
low,climate,irrigation,irrigation,2030,fuel_saving,234000.0
low,climate,waste,waste,2030,avoided_t,-3899.999999999999
low,climate,waste,waste,2030,investment,2100000.0
low,climate,ebus,ebus,2030,avoided_t,149.47422750000004
low,climate,ebus,ebus,2030,investment,4500000.0
low,climate,cooking,cooking,2030,avoided_t,3120.4800000000005
low,climate,cooking,cooking,2030,stove_avoided_t,2811.6000000000004
low,climate,cooking,cooking,2030,stove_creditable_t,562.3199999999999
low,climate,cooking,cooking,2030,pellet_avoided_t,308.88
low,climate,cooking,cooking,2030,stoves_in_use,10650.0
low,climate,cooking,cooking,2030,household_saving,604720.0
low,climate,cooking,cooking,2030,subsidy,156000.0
low,climate,cooking,cooking,2030,investment,0.0
low,national,all,national,2031,volume,6683501.0
low,national,all,national,2031,gross_output,42888100.0
low,national,all,national,2031,value_added,7730447.200000001
low,national,all,national,2031,indirect_va,3781377.4680000003
low,national,all,national,2031,induced_va,519764.65892307705
low,national,all,national,2031,total_va,12031589.326923078
low,national,all,national,2031,household_income,5414215.197115385
low,national,all,national,2031,import_substitution,18445632.0
low,national,all,national,2031,exports,23189727.0
low,national,all,national,2031,imported_inputs,14679244.0
low,national,all,national,2031,forgone_exports,12944400.0
low,national,all,national,2031,net_fx,14011715.0
low,national,all,national,2031,jobs,3222.2400000000002
low,national,all,national,2031,investment,58019999.999999985
low,national,all,national,2031,capital_goods_imports,49316999.99999999
low,national,all,national,2031,tax_gross,300789.73317307694
low,national,all,national,2031,customs_forgone,1106737.92
low,national,all,national,2031,tax_revenue,-805948.1868269232
low,national,all,national,2031,net_fx,14011715.0
low,national,all,national,2031,va_share_gdp,0.0003515274667353978
low,macro,all,gdp,2031,gdp_usd,21991019000.0
low,climate,minigrid,minigrid,2031,mwh,11605.248
low,climate,minigrid,minigrid,2031,avoided_t,8030.8316159999995
low,climate,minigrid,minigrid,2031,investment,10879999.999999998
low,climate,minigrid,minigrid,2031,cost_saving,54955.8351656223
low,climate,irrigation,irrigation,2031,avoided_t,1836.4695
low,climate,irrigation,irrigation,2031,investment,1999999.9999999995
low,climate,irrigation,irrigation,2031,fuel_saving,414000.0
low,climate,waste,waste,2031,avoided_t,-6899.999999999998
low,climate,waste,waste,2031,investment,2099999.9999999995
low,climate,ebus,ebus,2031,avoided_t,264.45440250000007
low,climate,ebus,ebus,2031,investment,4499999.999999999
low,climate,cooking,cooking,2031,avoided_t,6248.88
low,climate,cooking,cooking,2031,stove_avoided_t,5702.400000000001
low,climate,cooking,cooking,2031,stove_creditable_t,1140.4799999999998
low,climate,cooking,cooking,2031,pellet_avoided_t,546.4799999999999
low,climate,cooking,cooking,2031,stoves_in_use,21600.0
low,climate,cooking,cooking,2031,household_saving,1224320.0
low,climate,cooking,cooking,2031,subsidy,276000.0
low,climate,cooking,cooking,2031,investment,0.0
low,national,all,national,2032,volume,9589371.0
low,national,all,national,2032,gross_output,61535100.0
low,national,all,national,2032,value_added,11091511.2
low,national,all,national,2032,indirect_va,5425454.6280000005
low,national,all,national,2032,induced_va,745749.2932374583
low,national,all,national,2032,total_va,17262715.121237457
low,national,all,national,2032,household_income,7768221.804556855
low,national,all,national,2032,import_substitution,26465472.0
low,national,all,national,2032,exports,33272217.0
low,national,all,national,2032,imported_inputs,21061524.0
low,national,all,national,2032,forgone_exports,18572400.0
low,national,all,national,2032,net_fx,20103765.0
low,national,all,national,2032,jobs,4296.32
low,national,all,national,2032,investment,58020000.000000015
low,national,all,national,2032,capital_goods_imports,49317000.000000015
low,national,all,national,2032,tax_gross,431567.87803093647
low,national,all,national,2032,customs_forgone,1587928.3199999998
low,national,all,national,2032,tax_revenue,-1156360.4419690638
low,national,all,national,2032,net_fx,20103765.0
low,national,all,national,2032,va_share_gdp,0.0004552856975544214
low,macro,all,gdp,2032,gdp_usd,24361650848.2
low,climate,minigrid,minigrid,2032,mwh,16651.008
low,climate,minigrid,minigrid,2032,avoided_t,11522.497536
low,climate,minigrid,minigrid,2032,investment,10880000.000000006
low,climate,minigrid,minigrid,2032,cost_saving,78849.67654197983
low,climate,irrigation,irrigation,2032,avoided_t,2634.9345
low,climate,irrigation,irrigation,2032,investment,2000000.0000000005
low,climate,irrigation,irrigation,2032,fuel_saving,594000.0
low,climate,waste,waste,2032,avoided_t,-9899.999999999998
low,climate,waste,waste,2032,investment,2100000.000000001
low,climate,ebus,ebus,2032,avoided_t,379.4345775000001
low,climate,ebus,ebus,2032,investment,4500000.000000002
low,climate,cooking,cooking,2032,avoided_t,9654.48
low,climate,cooking,cooking,2032,stove_avoided_t,8870.4
low,climate,cooking,cooking,2032,stove_creditable_t,1774.0799999999997
low,climate,cooking,cooking,2032,pellet_avoided_t,784.0799999999999
low,climate,cooking,cooking,2032,stoves_in_use,33600.0
low,climate,cooking,cooking,2032,household_saving,1902720.0
low,climate,cooking,cooking,2032,subsidy,396000.0
low,climate,cooking,cooking,2032,investment,0.0
low,climate,minigrid,minigrid,,cost_per_t,-6.843106392136601
low,climate,irrigation,irrigation,,cost_per_t,254.77269722148426
low,climate,waste,waste,,cost_per_t,nan
low,climate,ebus,ebus,,cost_per_t,6754.27976855753
low,climate,cooking,cooking,,cost_per_t,-143.11101670914758
base,line,c1,meat,2028,volume,1687.5
base,line,c1,meat,2028,gross_output,7425000.0
base,line,c1,meat,2028,value_added,1410750.0
base,line,c1,meat,2028,indirect_va,1580040.0
base,line,c1,meat,2028,induced_va,445319.8345588236
base,line,c1,meat,2028,total_va,3436109.8345588236
base,line,c1,meat,2028,household_income,2061665.900735294
base,line,c1,meat,2028,import_substitution,371250.0
base,line,c1,meat,2028,exports,7053750.0
base,line,c1,meat,2028,imported_inputs,371250.0
base,line,c1,meat,2028,forgone_exports,2106000.0
base,line,c1,meat,2028,net_fx,4947750.0
base,line,c1,meat,2028,jobs,54.0
base,line,c1,meat,2028,investment,5400000.0
base,line,c1,meat,2028,capital_goods_imports,3779999.9999999995
base,line,c1,meat,2028,tax_gross,96211.07536764706
base,line,c1,meat,2028,customs_forgone,11880.0
base,line,c1,meat,2028,tax_revenue,84331.07536764706
base,line,c1,meat,2029,volume,5625.0
base,line,c1,meat,2029,gross_output,24750000.0
base,line,c1,meat,2029,value_added,4702500.0
base,line,c1,meat,2029,indirect_va,5266800.0
base,line,c1,meat,2029,induced_va,1484399.448529412
base,line,c1,meat,2029,total_va,11453699.448529411
base,line,c1,meat,2029,household_income,6872219.669117646
base,line,c1,meat,2029,import_substitution,1237500.0
base,line,c1,meat,2029,exports,23512500.0
base,line,c1,meat,2029,imported_inputs,1237500.0
base,line,c1,meat,2029,forgone_exports,7020000.0
base,line,c1,meat,2029,net_fx,16492500.0
base,line,c1,meat,2029,jobs,126.0
base,line,c1,meat,2029,investment,7199999.999999999
base,line,c1,meat,2029,capital_goods_imports,5039999.999999999
base,line,c1,meat,2029,tax_gross,320703.5845588235
base,line,c1,meat,2029,customs_forgone,39600.0
base,line,c1,meat,2029,tax_revenue,281103.5845588235
base,line,c1,meat,2030,volume,10687.5
base,line,c1,meat,2030,gross_output,47025000.0
base,line,c1,meat,2030,value_added,8934750.0
base,line,c1,meat,2030,indirect_va,10006920.0
base,line,c1,meat,2030,induced_va,2820358.952205883
base,line,c1,meat,2030,total_va,21762028.95220588
base,line,c1,meat,2030,household_income,13057217.371323528
base,line,c1,meat,2030,import_substitution,2351250.0
base,line,c1,meat,2030,exports,44673750.0
base,line,c1,meat,2030,imported_inputs,2351250.0
base,line,c1,meat,2030,forgone_exports,13338000.0
base,line,c1,meat,2030,net_fx,31335750.0
base,line,c1,meat,2030,jobs,216.0
base,line,c1,meat,2030,investment,9000000.0
base,line,c1,meat,2030,capital_goods_imports,6300000.0
base,line,c1,meat,2030,tax_gross,609336.8106617647
base,line,c1,meat,2030,customs_forgone,75240.0
base,line,c1,meat,2030,tax_revenue,534096.8106617647
base,line,c1,meat,2031,volume,15749.999999999998
base,line,c1,meat,2031,gross_output,69299999.99999999
base,line,c1,meat,2031,value_added,13167000.0
base,line,c1,meat,2031,indirect_va,14747039.999999994
base,line,c1,meat,2031,induced_va,4156318.4558823523
base,line,c1,meat,2031,total_va,32070358.455882344
base,line,c1,meat,2031,household_income,19242215.073529407
base,line,c1,meat,2031,import_substitution,3464999.9999999995
base,line,c1,meat,2031,exports,65834999.99999999
base,line,c1,meat,2031,imported_inputs,3464999.9999999995
base,line,c1,meat,2031,forgone_exports,19656000.0
base,line,c1,meat,2031,net_fx,46178999.999999985
base,line,c1,meat,2031,jobs,288.0
base,line,c1,meat,2031,investment,7200000.000000002
base,line,c1,meat,2031,capital_goods_imports,5040000.000000001
base,line,c1,meat,2031,tax_gross,897970.0367647057
base,line,c1,meat,2031,customs_forgone,110879.99999999999
base,line,c1,meat,2031,tax_revenue,787090.0367647057
base,line,c1,meat,2032,volume,20250.0
base,line,c1,meat,2032,gross_output,89100000.0
base,line,c1,meat,2032,value_added,16929000.0
base,line,c1,meat,2032,indirect_va,18960480.0
base,line,c1,meat,2032,induced_va,5343838.014705883
base,line,c1,meat,2032,total_va,41233318.01470588
base,line,c1,meat,2032,household_income,24739990.80882353
base,line,c1,meat,2032,import_substitution,4455000.0
base,line,c1,meat,2032,exports,84645000.0
base,line,c1,meat,2032,imported_inputs,4455000.0
base,line,c1,meat,2032,forgone_exports,25272000.0
base,line,c1,meat,2032,net_fx,59373000.0
base,line,c1,meat,2032,jobs,360.0
base,line,c1,meat,2032,investment,7199999.999999999
base,line,c1,meat,2032,capital_goods_imports,5039999.999999999
base,line,c1,meat,2032,tax_gross,1154532.9044117648
base,line,c1,meat,2032,customs_forgone,142560.0
base,line,c1,meat,2032,tax_revenue,1011972.9044117648
base,line,c1,tanning,2028,volume,157500.0
base,line,c1,tanning,2028,gross_output,630000.0
base,line,c1,tanning,2028,value_added,252000.0
base,line,c1,tanning,2028,indirect_va,90720.0
base,line,c1,tanning,2028,induced_va,51030.00000000001
base,line,c1,tanning,2028,total_va,393750.0
base,line,c1,tanning,2028,household_income,236250.0
base,line,c1,tanning,2028,import_substitution,63000.0
base,line,c1,tanning,2028,exports,567000.0
base,line,c1,tanning,2028,imported_inputs,189000.0
base,line,c1,tanning,2028,forgone_exports,37800.0
base,line,c1,tanning,2028,net_fx,403200.0
base,line,c1,tanning,2028,jobs,118.80000000000001
base,line,c1,tanning,2028,investment,2250000.0
base,line,c1,tanning,2028,capital_goods_imports,1575000.0
base,line,c1,tanning,2028,tax_gross,11025.0
base,line,c1,tanning,2028,customs_forgone,2016.0
base,line,c1,tanning,2028,tax_revenue,9009.0
base,line,c1,tanning,2029,volume,525000.0
base,line,c1,tanning,2029,gross_output,2100000.0
base,line,c1,tanning,2029,value_added,840000.0
base,line,c1,tanning,2029,indirect_va,302400.0
base,line,c1,tanning,2029,induced_va,170100.00000000003
base,line,c1,tanning,2029,total_va,1312500.0
base,line,c1,tanning,2029,household_income,787500.0
base,line,c1,tanning,2029,import_substitution,210000.0
base,line,c1,tanning,2029,exports,1890000.0
base,line,c1,tanning,2029,imported_inputs,630000.0
base,line,c1,tanning,2029,forgone_exports,126000.0
base,line,c1,tanning,2029,net_fx,1344000.0
base,line,c1,tanning,2029,jobs,277.2
base,line,c1,tanning,2029,investment,3000000.0
base,line,c1,tanning,2029,capital_goods_imports,2100000.0
base,line,c1,tanning,2029,tax_gross,36750.0
base,line,c1,tanning,2029,customs_forgone,6720.0
base,line,c1,tanning,2029,tax_revenue,30030.0
base,line,c1,tanning,2030,volume,997500.0
base,line,c1,tanning,2030,gross_output,3990000.0
base,line,c1,tanning,2030,value_added,1596000.0
base,line,c1,tanning,2030,indirect_va,574560.0
base,line,c1,tanning,2030,induced_va,323190.00000000006
base,line,c1,tanning,2030,total_va,2493750.0
base,line,c1,tanning,2030,household_income,1496250.0
base,line,c1,tanning,2030,import_substitution,399000.0
base,line,c1,tanning,2030,exports,3591000.0
base,line,c1,tanning,2030,imported_inputs,1197000.0
base,line,c1,tanning,2030,forgone_exports,239400.0
base,line,c1,tanning,2030,net_fx,2553600.0
base,line,c1,tanning,2030,jobs,475.20000000000005
base,line,c1,tanning,2030,investment,3750000.0
base,line,c1,tanning,2030,capital_goods_imports,2625000.0
base,line,c1,tanning,2030,tax_gross,69825.0
base,line,c1,tanning,2030,customs_forgone,12768.0
base,line,c1,tanning,2030,tax_revenue,57057.0
base,line,c1,tanning,2031,volume,1470000.0
base,line,c1,tanning,2031,gross_output,5880000.0
base,line,c1,tanning,2031,value_added,2352000.0
base,line,c1,tanning,2031,indirect_va,846720.0
base,line,c1,tanning,2031,induced_va,476280.00000000006
base,line,c1,tanning,2031,total_va,3675000.0
base,line,c1,tanning,2031,household_income,2205000.0
base,line,c1,tanning,2031,import_substitution,588000.0
base,line,c1,tanning,2031,exports,5292000.0
base,line,c1,tanning,2031,imported_inputs,1764000.0
base,line,c1,tanning,2031,forgone_exports,352800.0
base,line,c1,tanning,2031,net_fx,3763200.0
base,line,c1,tanning,2031,jobs,633.6
base,line,c1,tanning,2031,investment,3000000.000000001
base,line,c1,tanning,2031,capital_goods_imports,2100000.0000000005
base,line,c1,tanning,2031,tax_gross,102900.0
base,line,c1,tanning,2031,customs_forgone,18816.0
base,line,c1,tanning,2031,tax_revenue,84084.0
base,line,c1,tanning,2032,volume,1890000.0
base,line,c1,tanning,2032,gross_output,7560000.0
base,line,c1,tanning,2032,value_added,3024000.0
base,line,c1,tanning,2032,indirect_va,1088640.0
base,line,c1,tanning,2032,induced_va,612360.0000000001
base,line,c1,tanning,2032,total_va,4725000.0
base,line,c1,tanning,2032,household_income,2835000.0
base,line,c1,tanning,2032,import_substitution,756000.0
base,line,c1,tanning,2032,exports,6804000.0
base,line,c1,tanning,2032,imported_inputs,2268000.0
base,line,c1,tanning,2032,forgone_exports,453600.0
base,line,c1,tanning,2032,net_fx,4838400.0
base,line,c1,tanning,2032,jobs,792.0
base,line,c1,tanning,2032,investment,2999999.9999999995
base,line,c1,tanning,2032,capital_goods_imports,2099999.9999999995
base,line,c1,tanning,2032,tax_gross,132300.0
base,line,c1,tanning,2032,customs_forgone,24192.0
base,line,c1,tanning,2032,tax_revenue,108108.0
base,line,c1,fish,2028,volume,2700.0
base,line,c1,fish,2028,gross_output,6480000.0
base,line,c1,fish,2028,value_added,1231200.0
base,line,c1,fish,2028,indirect_va,2944512.0
base,line,c1,fish,2028,induced_va,621751.2352941177
base,line,c1,fish,2028,total_va,4797463.235294118
base,line,c1,fish,2028,household_income,2878477.9411764704
base,line,c1,fish,2028,import_substitution,1944000.0
base,line,c1,fish,2028,exports,4536000.0
base,line,c1,fish,2028,imported_inputs,648000.0
base,line,c1,fish,2028,forgone_exports,0.0
base,line,c1,fish,2028,net_fx,5832000.0
base,line,c1,fish,2028,jobs,273.6
base,line,c1,fish,2028,investment,6300000.0
base,line,c1,fish,2028,capital_goods_imports,4410000.0
base,line,c1,fish,2028,tax_gross,134328.9705882353
base,line,c1,fish,2028,customs_forgone,62208.0
base,line,c1,fish,2028,tax_revenue,72120.9705882353
base,line,c1,fish,2029,volume,9000.0
base,line,c1,fish,2029,gross_output,21600000.0
base,line,c1,fish,2029,value_added,4104000.0
base,line,c1,fish,2029,indirect_va,9815040.0
base,line,c1,fish,2029,induced_va,2072504.117647059
base,line,c1,fish,2029,total_va,15991544.11764706
base,line,c1,fish,2029,household_income,9594926.470588235
base,line,c1,fish,2029,import_substitution,6480000.0
base,line,c1,fish,2029,exports,15120000.0
base,line,c1,fish,2029,imported_inputs,2160000.0
base,line,c1,fish,2029,forgone_exports,0.0
base,line,c1,fish,2029,net_fx,19440000.0
base,line,c1,fish,2029,jobs,638.4000000000001
base,line,c1,fish,2029,investment,8399999.999999998
base,line,c1,fish,2029,capital_goods_imports,5879999.999999998
base,line,c1,fish,2029,tax_gross,447763.23529411765
base,line,c1,fish,2029,customs_forgone,207360.0
base,line,c1,fish,2029,tax_revenue,240403.23529411765
base,line,c1,fish,2030,volume,17100.0
base,line,c1,fish,2030,gross_output,41040000.0
base,line,c1,fish,2030,value_added,7797600.0
base,line,c1,fish,2030,indirect_va,18648576.0
base,line,c1,fish,2030,induced_va,3937757.823529412
base,line,c1,fish,2030,total_va,30383933.82352941
base,line,c1,fish,2030,household_income,18230360.294117644
base,line,c1,fish,2030,import_substitution,12312000.0
base,line,c1,fish,2030,exports,28728000.0
base,line,c1,fish,2030,imported_inputs,4104000.0
base,line,c1,fish,2030,forgone_exports,0.0
base,line,c1,fish,2030,net_fx,36936000.0
base,line,c1,fish,2030,jobs,1094.4
base,line,c1,fish,2030,investment,10500000.0
base,line,c1,fish,2030,capital_goods_imports,7349999.999999999
base,line,c1,fish,2030,tax_gross,850750.1470588235
base,line,c1,fish,2030,customs_forgone,393984.0
base,line,c1,fish,2030,tax_revenue,456766.1470588235
base,line,c1,fish,2031,volume,25200.0
base,line,c1,fish,2031,gross_output,60480000.0
base,line,c1,fish,2031,value_added,11491200.0
base,line,c1,fish,2031,indirect_va,27482112.0
base,line,c1,fish,2031,induced_va,5803011.529411766
base,line,c1,fish,2031,total_va,44776323.52941176
base,line,c1,fish,2031,household_income,26865794.117647056
base,line,c1,fish,2031,import_substitution,18144000.0
base,line,c1,fish,2031,exports,42336000.0
base,line,c1,fish,2031,imported_inputs,6048000.0
base,line,c1,fish,2031,forgone_exports,0.0
base,line,c1,fish,2031,net_fx,54432000.0
base,line,c1,fish,2031,jobs,1459.2
base,line,c1,fish,2031,investment,8400000.000000002
base,line,c1,fish,2031,capital_goods_imports,5880000.000000001
base,line,c1,fish,2031,tax_gross,1253737.0588235294
base,line,c1,fish,2031,customs_forgone,580608.0
base,line,c1,fish,2031,tax_revenue,673129.0588235294
base,line,c1,fish,2032,volume,32400.0
base,line,c1,fish,2032,gross_output,77760000.0
base,line,c1,fish,2032,value_added,14774400.0
base,line,c1,fish,2032,indirect_va,35334144.0
base,line,c1,fish,2032,induced_va,7461014.823529412
base,line,c1,fish,2032,total_va,57569558.823529415
base,line,c1,fish,2032,household_income,34541735.294117644
base,line,c1,fish,2032,import_substitution,23328000.0
base,line,c1,fish,2032,exports,54432000.0
base,line,c1,fish,2032,imported_inputs,7776000.0
base,line,c1,fish,2032,forgone_exports,0.0
base,line,c1,fish,2032,net_fx,69984000.0
base,line,c1,fish,2032,jobs,1824.0
base,line,c1,fish,2032,investment,8399999.999999998
base,line,c1,fish,2032,capital_goods_imports,5879999.999999998
base,line,c1,fish,2032,tax_gross,1611947.6470588236
base,line,c1,fish,2032,customs_forgone,746496.0
base,line,c1,fish,2032,tax_revenue,865451.6470588236
base,line,c2,sesame,2028,volume,1312.5
base,line,c2,sesame,2028,gross_output,1890000.0
base,line,c2,sesame,2028,value_added,283500.0
base,line,c2,sesame,2028,indirect_va,371952.0
base,line,c2,sesame,2028,induced_va,97594.87500000001
base,line,c2,sesame,2028,total_va,753046.875
base,line,c2,sesame,2028,household_income,451828.125
base,line,c2,sesame,2028,import_substitution,94500.0
base,line,c2,sesame,2028,exports,1795500.0
base,line,c2,sesame,2028,imported_inputs,56700.0
base,line,c2,sesame,2028,forgone_exports,1313550.0
base,line,c2,sesame,2028,net_fx,519750.0
base,line,c2,sesame,2028,jobs,24.0
base,line,c2,sesame,2028,investment,5625000.0
base,line,c2,sesame,2028,capital_goods_imports,3937499.9999999995
base,line,c2,sesame,2028,tax_gross,21085.3125
base,line,c2,sesame,2028,customs_forgone,3024.0
base,line,c2,sesame,2028,tax_revenue,18061.3125
base,line,c2,sesame,2029,volume,4375.0
base,line,c2,sesame,2029,gross_output,6300000.0
base,line,c2,sesame,2029,value_added,945000.0
base,line,c2,sesame,2029,indirect_va,1239840.0
base,line,c2,sesame,2029,induced_va,325316.25000000006
base,line,c2,sesame,2029,total_va,2510156.25
base,line,c2,sesame,2029,household_income,1506093.75
base,line,c2,sesame,2029,import_substitution,315000.0
base,line,c2,sesame,2029,exports,5985000.0
base,line,c2,sesame,2029,imported_inputs,189000.0
base,line,c2,sesame,2029,forgone_exports,4378500.0
base,line,c2,sesame,2029,net_fx,1732500.0
base,line,c2,sesame,2029,jobs,56.0
base,line,c2,sesame,2029,investment,7500000.0
base,line,c2,sesame,2029,capital_goods_imports,5250000.0
base,line,c2,sesame,2029,tax_gross,70284.375
base,line,c2,sesame,2029,customs_forgone,10080.0
base,line,c2,sesame,2029,tax_revenue,60204.375
base,line,c2,sesame,2030,volume,8312.5
base,line,c2,sesame,2030,gross_output,11970000.0
base,line,c2,sesame,2030,value_added,1795500.0
base,line,c2,sesame,2030,indirect_va,2355696.0
base,line,c2,sesame,2030,induced_va,618100.8750000001
base,line,c2,sesame,2030,total_va,4769296.875
base,line,c2,sesame,2030,household_income,2861578.125
base,line,c2,sesame,2030,import_substitution,598500.0
base,line,c2,sesame,2030,exports,11371500.0
base,line,c2,sesame,2030,imported_inputs,359100.0
base,line,c2,sesame,2030,forgone_exports,8319150.0
base,line,c2,sesame,2030,net_fx,3291750.0
base,line,c2,sesame,2030,jobs,96.0
base,line,c2,sesame,2030,investment,9375000.0
base,line,c2,sesame,2030,capital_goods_imports,6562500.0
base,line,c2,sesame,2030,tax_gross,133540.3125
base,line,c2,sesame,2030,customs_forgone,19152.0
base,line,c2,sesame,2030,tax_revenue,114388.3125
base,line,c2,sesame,2031,volume,12250.0
base,line,c2,sesame,2031,gross_output,17640000.0
base,line,c2,sesame,2031,value_added,2646000.0
base,line,c2,sesame,2031,indirect_va,3471552.0
base,line,c2,sesame,2031,induced_va,910885.5
base,line,c2,sesame,2031,total_va,7028437.5
base,line,c2,sesame,2031,household_income,4217062.5
base,line,c2,sesame,2031,import_substitution,882000.0
base,line,c2,sesame,2031,exports,16758000.0
base,line,c2,sesame,2031,imported_inputs,529200.0
base,line,c2,sesame,2031,forgone_exports,12259800.0
base,line,c2,sesame,2031,net_fx,4851000.0
base,line,c2,sesame,2031,jobs,128.0
base,line,c2,sesame,2031,investment,7500000.000000003
base,line,c2,sesame,2031,capital_goods_imports,5250000.000000002
base,line,c2,sesame,2031,tax_gross,196796.25
base,line,c2,sesame,2031,customs_forgone,28224.0
base,line,c2,sesame,2031,tax_revenue,168572.25
base,line,c2,sesame,2032,volume,15750.0
base,line,c2,sesame,2032,gross_output,22680000.0
base,line,c2,sesame,2032,value_added,3402000.0
base,line,c2,sesame,2032,indirect_va,4463424.0
base,line,c2,sesame,2032,induced_va,1171138.5
base,line,c2,sesame,2032,total_va,9036562.5
base,line,c2,sesame,2032,household_income,5421937.5
base,line,c2,sesame,2032,import_substitution,1134000.0
base,line,c2,sesame,2032,exports,21546000.0
base,line,c2,sesame,2032,imported_inputs,680400.0
base,line,c2,sesame,2032,forgone_exports,15762600.0
base,line,c2,sesame,2032,net_fx,6237000.0
base,line,c2,sesame,2032,jobs,160.0
base,line,c2,sesame,2032,investment,7499999.999999999
base,line,c2,sesame,2032,capital_goods_imports,5249999.999999999
base,line,c2,sesame,2032,tax_gross,253023.75
base,line,c2,sesame,2032,customs_forgone,36288.0
base,line,c2,sesame,2032,tax_revenue,216735.75
base,line,c2,sesame_oil,2028,volume,262.5
base,line,c2,sesame_oil,2028,gross_output,283500.0
base,line,c2,sesame_oil,2028,value_added,34020.0
base,line,c2,sesame_oil,2028,indirect_va,56473.200000000004
base,line,c2,sesame_oil,2028,induced_va,13474.171323529416
base,line,c2,sesame_oil,2028,total_va,103967.37132352943
base,line,c2,sesame_oil,2028,household_income,62380.42279411765
base,line,c2,sesame_oil,2028,import_substitution,198450.0
base,line,c2,sesame_oil,2028,exports,85050.00000000003
base,line,c2,sesame_oil,2028,imported_inputs,14175.0
base,line,c2,sesame_oil,2028,forgone_exports,262710.0
base,line,c2,sesame_oil,2028,net_fx,6615.0
base,line,c2,sesame_oil,2028,jobs,4.800000000000001
base,line,c2,sesame_oil,2028,investment,600000.0
base,line,c2,sesame_oil,2028,capital_goods_imports,420000.0
base,line,c2,sesame_oil,2028,tax_gross,2911.086397058824
base,line,c2,sesame_oil,2028,customs_forgone,6350.400000000001
base,line,c2,sesame_oil,2028,tax_revenue,-3439.3136029411767
base,line,c2,sesame_oil,2029,volume,875.0
base,line,c2,sesame_oil,2029,gross_output,945000.0
base,line,c2,sesame_oil,2029,value_added,113400.0
base,line,c2,sesame_oil,2029,indirect_va,188244.0
base,line,c2,sesame_oil,2029,induced_va,44913.90441176471
base,line,c2,sesame_oil,2029,total_va,346557.9044117647
base,line,c2,sesame_oil,2029,household_income,207934.74264705883
base,line,c2,sesame_oil,2029,import_substitution,661500.0
base,line,c2,sesame_oil,2029,exports,283500.0
base,line,c2,sesame_oil,2029,imported_inputs,47250.0
base,line,c2,sesame_oil,2029,forgone_exports,875700.0
base,line,c2,sesame_oil,2029,net_fx,22050.0
base,line,c2,sesame_oil,2029,jobs,11.200000000000001
base,line,c2,sesame_oil,2029,investment,799999.9999999999
base,line,c2,sesame_oil,2029,capital_goods_imports,559999.9999999999
base,line,c2,sesame_oil,2029,tax_gross,9703.621323529413
base,line,c2,sesame_oil,2029,customs_forgone,21168.0
base,line,c2,sesame_oil,2029,tax_revenue,-11464.378676470587
base,line,c2,sesame_oil,2030,volume,1662.5
base,line,c2,sesame_oil,2030,gross_output,1795500.0
base,line,c2,sesame_oil,2030,value_added,215460.0
base,line,c2,sesame_oil,2030,indirect_va,357663.60000000003
base,line,c2,sesame_oil,2030,induced_va,85336.41838235296
base,line,c2,sesame_oil,2030,total_va,658460.018382353
base,line,c2,sesame_oil,2030,household_income,395076.0110294118
base,line,c2,sesame_oil,2030,import_substitution,1256850.0
base,line,c2,sesame_oil,2030,exports,538650.0
base,line,c2,sesame_oil,2030,imported_inputs,89775.0
base,line,c2,sesame_oil,2030,forgone_exports,1663830.0
base,line,c2,sesame_oil,2030,net_fx,41895.0
base,line,c2,sesame_oil,2030,jobs,19.200000000000003
base,line,c2,sesame_oil,2030,investment,1000000.0
base,line,c2,sesame_oil,2030,capital_goods_imports,700000.0
base,line,c2,sesame_oil,2030,tax_gross,18436.880514705885
base,line,c2,sesame_oil,2030,customs_forgone,40219.200000000004
base,line,c2,sesame_oil,2030,tax_revenue,-21782.31948529412
base,line,c2,sesame_oil,2031,volume,2450.0
base,line,c2,sesame_oil,2031,gross_output,2646000.0
base,line,c2,sesame_oil,2031,value_added,317520.0
base,line,c2,sesame_oil,2031,indirect_va,527083.2000000001
base,line,c2,sesame_oil,2031,induced_va,125758.9323529412
base,line,c2,sesame_oil,2031,total_va,970362.1323529413
base,line,c2,sesame_oil,2031,household_income,582217.2794117648
base,line,c2,sesame_oil,2031,import_substitution,1852200.0
base,line,c2,sesame_oil,2031,exports,793800.0
base,line,c2,sesame_oil,2031,imported_inputs,132300.0
base,line,c2,sesame_oil,2031,forgone_exports,2451960.0
base,line,c2,sesame_oil,2031,net_fx,61740.0
base,line,c2,sesame_oil,2031,jobs,25.6
base,line,c2,sesame_oil,2031,investment,800000.0000000002
base,line,c2,sesame_oil,2031,capital_goods_imports,560000.0000000001
base,line,c2,sesame_oil,2031,tax_gross,27170.139705882357
base,line,c2,sesame_oil,2031,customs_forgone,59270.4
base,line,c2,sesame_oil,2031,tax_revenue,-32100.260294117645
base,line,c2,sesame_oil,2032,volume,3150.0
base,line,c2,sesame_oil,2032,gross_output,3402000.0
base,line,c2,sesame_oil,2032,value_added,408240.0
base,line,c2,sesame_oil,2032,indirect_va,677678.4
base,line,c2,sesame_oil,2032,induced_va,161690.05588235296
base,line,c2,sesame_oil,2032,total_va,1247608.4558823528
base,line,c2,sesame_oil,2032,household_income,748565.0735294117
base,line,c2,sesame_oil,2032,import_substitution,2381400.0
base,line,c2,sesame_oil,2032,exports,1020600.0
base,line,c2,sesame_oil,2032,imported_inputs,170100.0
base,line,c2,sesame_oil,2032,forgone_exports,3152520.0
base,line,c2,sesame_oil,2032,net_fx,79380.0
base,line,c2,sesame_oil,2032,jobs,32.0
base,line,c2,sesame_oil,2032,investment,799999.9999999998
base,line,c2,sesame_oil,2032,capital_goods_imports,559999.9999999998
base,line,c2,sesame_oil,2032,tax_gross,34933.03676470588
base,line,c2,sesame_oil,2032,customs_forgone,76204.8
base,line,c2,sesame_oil,2032,tax_revenue,-41271.76323529412
base,line,c2,fruit,2028,volume,1350.0
base,line,c2,fruit,2028,gross_output,756000.0
base,line,c2,fruit,2028,value_added,143640.0
base,line,c2,fruit,2028,indirect_va,300585.60000000003
base,line,c2,fruit,2028,induced_va,66143.88529411766
base,line,c2,fruit,2028,total_va,510369.4852941177
base,line,c2,fruit,2028,household_income,306221.6911764706
base,line,c2,fruit,2028,import_substitution,113400.0
base,line,c2,fruit,2028,exports,529200.0
base,line,c2,fruit,2028,imported_inputs,75600.0
base,line,c2,fruit,2028,forgone_exports,0.0
base,line,c2,fruit,2028,net_fx,567000.0
base,line,c2,fruit,2028,jobs,54.0
base,line,c2,fruit,2028,investment,1350000.0
base,line,c2,fruit,2028,capital_goods_imports,944999.9999999999
base,line,c2,fruit,2028,tax_gross,14290.345588235296
base,line,c2,fruit,2028,customs_forgone,3628.8
base,line,c2,fruit,2028,tax_revenue,10661.545588235294
base,line,c2,fruit,2029,volume,4500.0
base,line,c2,fruit,2029,gross_output,2520000.0
base,line,c2,fruit,2029,value_added,478800.0
base,line,c2,fruit,2029,indirect_va,1001952.0
base,line,c2,fruit,2029,induced_va,220479.61764705885
base,line,c2,fruit,2029,total_va,1701231.6176470588
base,line,c2,fruit,2029,household_income,1020738.9705882352
base,line,c2,fruit,2029,import_substitution,378000.0
base,line,c2,fruit,2029,exports,1764000.0
base,line,c2,fruit,2029,imported_inputs,252000.0
base,line,c2,fruit,2029,forgone_exports,0.0
base,line,c2,fruit,2029,net_fx,1890000.0
base,line,c2,fruit,2029,jobs,126.0
base,line,c2,fruit,2029,investment,1799999.9999999998
base,line,c2,fruit,2029,capital_goods_imports,1259999.9999999998
base,line,c2,fruit,2029,tax_gross,47634.48529411765
base,line,c2,fruit,2029,customs_forgone,12096.0
base,line,c2,fruit,2029,tax_revenue,35538.48529411765
base,line,c2,fruit,2030,volume,8550.0
base,line,c2,fruit,2030,gross_output,4788000.0
base,line,c2,fruit,2030,value_added,909720.0
base,line,c2,fruit,2030,indirect_va,1903708.8
base,line,c2,fruit,2030,induced_va,418911.27352941176
base,line,c2,fruit,2030,total_va,3232340.0735294116
base,line,c2,fruit,2030,household_income,1939404.0441176468
base,line,c2,fruit,2030,import_substitution,718200.0
base,line,c2,fruit,2030,exports,3351600.0
base,line,c2,fruit,2030,imported_inputs,478800.0
base,line,c2,fruit,2030,forgone_exports,0.0
base,line,c2,fruit,2030,net_fx,3591000.0
base,line,c2,fruit,2030,jobs,216.0
base,line,c2,fruit,2030,investment,2250000.0
base,line,c2,fruit,2030,capital_goods_imports,1575000.0
base,line,c2,fruit,2030,tax_gross,90505.52205882352
base,line,c2,fruit,2030,customs_forgone,22982.4
base,line,c2,fruit,2030,tax_revenue,67523.12205882353
base,line,c2,fruit,2031,volume,12600.0
base,line,c2,fruit,2031,gross_output,7056000.0
base,line,c2,fruit,2031,value_added,1340640.0
base,line,c2,fruit,2031,indirect_va,2805465.6
base,line,c2,fruit,2031,induced_va,617342.9294117647
base,line,c2,fruit,2031,total_va,4763448.529411765
base,line,c2,fruit,2031,household_income,2858069.117647059
base,line,c2,fruit,2031,import_substitution,1058400.0
base,line,c2,fruit,2031,exports,4939200.0
base,line,c2,fruit,2031,imported_inputs,705600.0
base,line,c2,fruit,2031,forgone_exports,0.0
base,line,c2,fruit,2031,net_fx,5292000.0
base,line,c2,fruit,2031,jobs,288.0
base,line,c2,fruit,2031,investment,1800000.0000000005
base,line,c2,fruit,2031,capital_goods_imports,1260000.0000000002
base,line,c2,fruit,2031,tax_gross,133376.55882352943
base,line,c2,fruit,2031,customs_forgone,33868.8
base,line,c2,fruit,2031,tax_revenue,99507.75882352942
base,line,c2,fruit,2032,volume,16200.0
base,line,c2,fruit,2032,gross_output,9072000.0
base,line,c2,fruit,2032,value_added,1723680.0
base,line,c2,fruit,2032,indirect_va,3607027.2
base,line,c2,fruit,2032,induced_va,793726.6235294119
base,line,c2,fruit,2032,total_va,6124433.823529412
base,line,c2,fruit,2032,household_income,3674660.294117647
base,line,c2,fruit,2032,import_substitution,1360800.0
base,line,c2,fruit,2032,exports,6350400.0
base,line,c2,fruit,2032,imported_inputs,907200.0
base,line,c2,fruit,2032,forgone_exports,0.0
base,line,c2,fruit,2032,net_fx,6804000.0
base,line,c2,fruit,2032,jobs,360.0
base,line,c2,fruit,2032,investment,1799999.9999999998
base,line,c2,fruit,2032,capital_goods_imports,1259999.9999999998
base,line,c2,fruit,2032,tax_gross,171484.14705882355
base,line,c2,fruit,2032,customs_forgone,43545.6
base,line,c2,fruit,2032,tax_revenue,127938.54705882355
base,line,c3,flour,2028,volume,12000.0
base,line,c3,flour,2028,gross_output,3840000.0
base,line,c3,flour,2028,value_added,460800.0
base,line,c3,flour,2028,indirect_va,199680.0
base,line,c3,flour,2028,induced_va,98343.52941176471
base,line,c3,flour,2028,total_va,758823.5294117647
base,line,c3,flour,2028,household_income,455294.1176470588
base,line,c3,flour,2028,import_substitution,3840000.0
base,line,c3,flour,2028,exports,0.0
base,line,c3,flour,2028,imported_inputs,2880000.0
base,line,c3,flour,2028,forgone_exports,0.0
base,line,c3,flour,2028,net_fx,960000.0
base,line,c3,flour,2028,jobs,36.0
base,line,c3,flour,2028,investment,12000000.0
base,line,c3,flour,2028,capital_goods_imports,8400000.0
base,line,c3,flour,2028,tax_gross,21247.058823529413
base,line,c3,flour,2028,customs_forgone,122880.0
base,line,c3,flour,2028,tax_revenue,-101632.94117647059
base,line,c3,flour,2029,volume,40000.0
base,line,c3,flour,2029,gross_output,12800000.0
base,line,c3,flour,2029,value_added,1536000.0
base,line,c3,flour,2029,indirect_va,665600.0
base,line,c3,flour,2029,induced_va,327811.7647058824
base,line,c3,flour,2029,total_va,2529411.7647058824
base,line,c3,flour,2029,household_income,1517647.0588235294
base,line,c3,flour,2029,import_substitution,12800000.0
base,line,c3,flour,2029,exports,0.0
base,line,c3,flour,2029,imported_inputs,9600000.0
base,line,c3,flour,2029,forgone_exports,0.0
base,line,c3,flour,2029,net_fx,3200000.0
base,line,c3,flour,2029,jobs,84.0
base,line,c3,flour,2029,investment,16000000.0
base,line,c3,flour,2029,capital_goods_imports,11200000.0
base,line,c3,flour,2029,tax_gross,70823.52941176471
base,line,c3,flour,2029,customs_forgone,409600.0
base,line,c3,flour,2029,tax_revenue,-338776.4705882353
base,line,c3,flour,2030,volume,76000.0
base,line,c3,flour,2030,gross_output,24320000.0
base,line,c3,flour,2030,value_added,2918400.0
base,line,c3,flour,2030,indirect_va,1264640.0
base,line,c3,flour,2030,induced_va,622842.3529411765
base,line,c3,flour,2030,total_va,4805882.352941177
base,line,c3,flour,2030,household_income,2883529.411764706
base,line,c3,flour,2030,import_substitution,24320000.0
base,line,c3,flour,2030,exports,0.0
base,line,c3,flour,2030,imported_inputs,18240000.0
base,line,c3,flour,2030,forgone_exports,0.0
base,line,c3,flour,2030,net_fx,6080000.0
base,line,c3,flour,2030,jobs,144.0
base,line,c3,flour,2030,investment,20000000.0
base,line,c3,flour,2030,capital_goods_imports,14000000.0
base,line,c3,flour,2030,tax_gross,134564.70588235295
base,line,c3,flour,2030,customs_forgone,778240.0
base,line,c3,flour,2030,tax_revenue,-643675.294117647
base,line,c3,flour,2031,volume,112000.0
base,line,c3,flour,2031,gross_output,35840000.0
base,line,c3,flour,2031,value_added,4300800.0
base,line,c3,flour,2031,indirect_va,1863680.0
base,line,c3,flour,2031,induced_va,917872.9411764707
base,line,c3,flour,2031,total_va,7082352.94117647
base,line,c3,flour,2031,household_income,4249411.764705882
base,line,c3,flour,2031,import_substitution,35840000.0
base,line,c3,flour,2031,exports,0.0
base,line,c3,flour,2031,imported_inputs,26880000.0
base,line,c3,flour,2031,forgone_exports,0.0
base,line,c3,flour,2031,net_fx,8960000.0
base,line,c3,flour,2031,jobs,192.0
base,line,c3,flour,2031,investment,16000000.000000006
base,line,c3,flour,2031,capital_goods_imports,11200000.000000004
base,line,c3,flour,2031,tax_gross,198305.88235294117
base,line,c3,flour,2031,customs_forgone,1146880.0
base,line,c3,flour,2031,tax_revenue,-948574.1176470588
base,line,c3,flour,2032,volume,144000.0
base,line,c3,flour,2032,gross_output,46080000.0
base,line,c3,flour,2032,value_added,5529600.0
base,line,c3,flour,2032,indirect_va,2396160.0
base,line,c3,flour,2032,induced_va,1180122.3529411766
base,line,c3,flour,2032,total_va,9105882.352941176
base,line,c3,flour,2032,household_income,5463529.411764706
base,line,c3,flour,2032,import_substitution,46080000.0
base,line,c3,flour,2032,exports,0.0
base,line,c3,flour,2032,imported_inputs,34560000.0
base,line,c3,flour,2032,forgone_exports,0.0
base,line,c3,flour,2032,net_fx,11520000.0
base,line,c3,flour,2032,jobs,240.0
base,line,c3,flour,2032,investment,15999999.999999996
base,line,c3,flour,2032,capital_goods_imports,11199999.999999996
base,line,c3,flour,2032,tax_gross,254964.70588235292
base,line,c3,flour,2032,customs_forgone,1474560.0
base,line,c3,flour,2032,tax_revenue,-1219595.294117647
base,line,c3,dairy,2028,volume,2700000.0
base,line,c3,dairy,2028,gross_output,1944000.0
base,line,c3,dairy,2028,value_added,369360.0
base,line,c3,dairy,2028,indirect_va,662515.2000000001
base,line,c3,dairy,2028,induced_va,153643.1823529412
base,line,c3,dairy,2028,total_va,1185518.3823529412
base,line,c3,dairy,2028,household_income,711311.0294117647
base,line,c3,dairy,2028,import_substitution,1049760.0
base,line,c3,dairy,2028,exports,194400.0
base,line,c3,dairy,2028,imported_inputs,194400.0
base,line,c3,dairy,2028,forgone_exports,0.0
base,line,c3,dairy,2028,net_fx,1049760.0
base,line,c3,dairy,2028,jobs,14.4
base,line,c3,dairy,2028,investment,1980000.0
base,line,c3,dairy,2028,capital_goods_imports,1386000.0
base,line,c3,dairy,2028,tax_gross,33194.51470588236
base,line,c3,dairy,2028,customs_forgone,33592.32
base,line,c3,dairy,2028,tax_revenue,-397.8052941176429
base,line,c3,dairy,2029,volume,9000000.0
base,line,c3,dairy,2029,gross_output,6480000.0
base,line,c3,dairy,2029,value_added,1231200.0
base,line,c3,dairy,2029,indirect_va,2208384.0
base,line,c3,dairy,2029,induced_va,512143.94117647066
base,line,c3,dairy,2029,total_va,3951727.941176471
base,line,c3,dairy,2029,household_income,2371036.7647058824
base,line,c3,dairy,2029,import_substitution,3499200.0
base,line,c3,dairy,2029,exports,648000.0
base,line,c3,dairy,2029,imported_inputs,648000.0
base,line,c3,dairy,2029,forgone_exports,0.0
base,line,c3,dairy,2029,net_fx,3499200.0
base,line,c3,dairy,2029,jobs,33.6
base,line,c3,dairy,2029,investment,2639999.9999999995
base,line,c3,dairy,2029,capital_goods_imports,1847999.9999999995
base,line,c3,dairy,2029,tax_gross,110648.38235294119
base,line,c3,dairy,2029,customs_forgone,111974.40000000001
base,line,c3,dairy,2029,tax_revenue,-1326.0176470588194
base,line,c3,dairy,2030,volume,17100000.0
base,line,c3,dairy,2030,gross_output,12312000.0
base,line,c3,dairy,2030,value_added,2339280.0
base,line,c3,dairy,2030,indirect_va,4195929.600000001
base,line,c3,dairy,2030,induced_va,973073.4882352944
base,line,c3,dairy,2030,total_va,7508283.088235294
base,line,c3,dairy,2030,household_income,4504969.852941177
base,line,c3,dairy,2030,import_substitution,6648480.0
base,line,c3,dairy,2030,exports,1231200.0
base,line,c3,dairy,2030,imported_inputs,1231200.0
base,line,c3,dairy,2030,forgone_exports,0.0
base,line,c3,dairy,2030,net_fx,6648480.0
base,line,c3,dairy,2030,jobs,57.6
base,line,c3,dairy,2030,investment,3300000.0
base,line,c3,dairy,2030,capital_goods_imports,2310000.0
base,line,c3,dairy,2030,tax_gross,210231.92647058825
base,line,c3,dairy,2030,customs_forgone,212751.36000000002
base,line,c3,dairy,2030,tax_revenue,-2519.4335294117627
base,line,c3,dairy,2031,volume,25200000.0
base,line,c3,dairy,2031,gross_output,18144000.0
base,line,c3,dairy,2031,value_added,3447360.0
base,line,c3,dairy,2031,indirect_va,6183475.2
base,line,c3,dairy,2031,induced_va,1434003.0352941176
base,line,c3,dairy,2031,total_va,11064838.235294117
base,line,c3,dairy,2031,household_income,6638902.941176469
base,line,c3,dairy,2031,import_substitution,9797760.0
base,line,c3,dairy,2031,exports,1814400.0
base,line,c3,dairy,2031,imported_inputs,1814400.0
base,line,c3,dairy,2031,forgone_exports,0.0
base,line,c3,dairy,2031,net_fx,9797760.0
base,line,c3,dairy,2031,jobs,76.80000000000001
base,line,c3,dairy,2031,investment,2640000.000000001
base,line,c3,dairy,2031,capital_goods_imports,1848000.0000000005
base,line,c3,dairy,2031,tax_gross,309815.4705882353
base,line,c3,dairy,2031,customs_forgone,313528.32
base,line,c3,dairy,2031,tax_revenue,-3712.849411764706
base,line,c3,dairy,2032,volume,32400000.0
base,line,c3,dairy,2032,gross_output,23328000.0
base,line,c3,dairy,2032,value_added,4432320.0
base,line,c3,dairy,2032,indirect_va,7950182.4
base,line,c3,dairy,2032,induced_va,1843718.1882352945
base,line,c3,dairy,2032,total_va,14226220.588235294
base,line,c3,dairy,2032,household_income,8535732.352941176
base,line,c3,dairy,2032,import_substitution,12597120.0
base,line,c3,dairy,2032,exports,2332800.0
base,line,c3,dairy,2032,imported_inputs,2332800.0
base,line,c3,dairy,2032,forgone_exports,0.0
base,line,c3,dairy,2032,net_fx,12597120.0
base,line,c3,dairy,2032,jobs,96.0
base,line,c3,dairy,2032,investment,2639999.9999999995
base,line,c3,dairy,2032,capital_goods_imports,1847999.9999999995
base,line,c3,dairy,2032,tax_gross,398334.17647058825
base,line,c3,dairy,2032,customs_forgone,403107.84
base,line,c3,dairy,2032,tax_revenue,-4773.663529411773
base,line,c3,soap,2028,volume,1125.0
base,line,c3,soap,2028,gross_output,900000.0
base,line,c3,soap,2028,value_added,180000.0
base,line,c3,soap,2028,indirect_va,72000.0
base,line,c3,soap,2028,induced_va,37522.05882352942
base,line,c3,soap,2028,total_va,289522.0588235294
base,line,c3,soap,2028,household_income,173713.23529411762
base,line,c3,soap,2028,import_substitution,900000.0
base,line,c3,soap,2028,exports,0.0
base,line,c3,soap,2028,imported_inputs,540000.0
base,line,c3,soap,2028,forgone_exports,0.0
base,line,c3,soap,2028,net_fx,360000.0
base,line,c3,soap,2028,jobs,13.92
base,line,c3,soap,2028,investment,1050000.0
base,line,c3,soap,2028,capital_goods_imports,735000.0
base,line,c3,soap,2028,tax_gross,8106.617647058823
base,line,c3,soap,2028,customs_forgone,28800.0
base,line,c3,soap,2028,tax_revenue,-20693.382352941175
base,line,c3,soap,2029,volume,3750.0
base,line,c3,soap,2029,gross_output,3000000.0
base,line,c3,soap,2029,value_added,600000.0
base,line,c3,soap,2029,indirect_va,240000.0
base,line,c3,soap,2029,induced_va,125073.52941176473
base,line,c3,soap,2029,total_va,965073.5294117647
base,line,c3,soap,2029,household_income,579044.1176470588
base,line,c3,soap,2029,import_substitution,3000000.0
base,line,c3,soap,2029,exports,0.0
base,line,c3,soap,2029,imported_inputs,1800000.0
base,line,c3,soap,2029,forgone_exports,0.0
base,line,c3,soap,2029,net_fx,1200000.0
base,line,c3,soap,2029,jobs,32.48
base,line,c3,soap,2029,investment,1399999.9999999998
base,line,c3,soap,2029,capital_goods_imports,979999.9999999998
base,line,c3,soap,2029,tax_gross,27022.058823529413
base,line,c3,soap,2029,customs_forgone,96000.0
base,line,c3,soap,2029,tax_revenue,-68977.94117647059
base,line,c3,soap,2030,volume,7125.0
base,line,c3,soap,2030,gross_output,5700000.0
base,line,c3,soap,2030,value_added,1140000.0
base,line,c3,soap,2030,indirect_va,456000.0
base,line,c3,soap,2030,induced_va,237639.70588235298
base,line,c3,soap,2030,total_va,1833639.705882353
base,line,c3,soap,2030,household_income,1100183.8235294118
base,line,c3,soap,2030,import_substitution,5700000.0
base,line,c3,soap,2030,exports,0.0
base,line,c3,soap,2030,imported_inputs,3420000.0
base,line,c3,soap,2030,forgone_exports,0.0
base,line,c3,soap,2030,net_fx,2280000.0
base,line,c3,soap,2030,jobs,55.68
base,line,c3,soap,2030,investment,1750000.0
base,line,c3,soap,2030,capital_goods_imports,1225000.0
base,line,c3,soap,2030,tax_gross,51341.91176470589
base,line,c3,soap,2030,customs_forgone,182400.0
base,line,c3,soap,2030,tax_revenue,-131058.08823529411
base,line,c3,soap,2031,volume,10500.0
base,line,c3,soap,2031,gross_output,8400000.0
base,line,c3,soap,2031,value_added,1680000.0
base,line,c3,soap,2031,indirect_va,672000.0
base,line,c3,soap,2031,induced_va,350205.8823529412
base,line,c3,soap,2031,total_va,2702205.882352941
base,line,c3,soap,2031,household_income,1621323.5294117646
base,line,c3,soap,2031,import_substitution,8400000.0
base,line,c3,soap,2031,exports,0.0
base,line,c3,soap,2031,imported_inputs,5040000.0
base,line,c3,soap,2031,forgone_exports,0.0
base,line,c3,soap,2031,net_fx,3360000.0
base,line,c3,soap,2031,jobs,74.24
base,line,c3,soap,2031,investment,1400000.0000000005
base,line,c3,soap,2031,capital_goods_imports,980000.0000000002
base,line,c3,soap,2031,tax_gross,75661.76470588235
base,line,c3,soap,2031,customs_forgone,268800.0
base,line,c3,soap,2031,tax_revenue,-193138.23529411765
base,line,c3,soap,2032,volume,13500.0
base,line,c3,soap,2032,gross_output,10800000.0
base,line,c3,soap,2032,value_added,2160000.0
base,line,c3,soap,2032,indirect_va,864000.0
base,line,c3,soap,2032,induced_va,450264.705882353
base,line,c3,soap,2032,total_va,3474264.705882353
base,line,c3,soap,2032,household_income,2084558.8235294116
base,line,c3,soap,2032,import_substitution,10800000.0
base,line,c3,soap,2032,exports,0.0
base,line,c3,soap,2032,imported_inputs,6480000.0
base,line,c3,soap,2032,forgone_exports,0.0
base,line,c3,soap,2032,net_fx,4320000.0
base,line,c3,soap,2032,jobs,92.8
base,line,c3,soap,2032,investment,1399999.9999999998
base,line,c3,soap,2032,capital_goods_imports,979999.9999999998
base,line,c3,soap,2032,tax_gross,97279.41176470587
base,line,c3,soap,2032,customs_forgone,345600.0
base,line,c3,soap,2032,tax_revenue,-248320.58823529413
base,line,c3,diapers,2028,volume,315.0
base,line,c3,diapers,2028,gross_output,708120.0
base,line,c3,diapers,2028,value_added,141624.0
base,line,c3,diapers,2028,indirect_va,56649.600000000006
base,line,c3,diapers,2028,induced_va,29522.355882352946
base,line,c3,diapers,2028,total_va,227795.95588235295
base,line,c3,diapers,2028,household_income,136677.57352941178
base,line,c3,diapers,2028,import_substitution,708120.0
base,line,c3,diapers,2028,exports,0.0
base,line,c3,diapers,2028,imported_inputs,424872.0
base,line,c3,diapers,2028,forgone_exports,0.0
base,line,c3,diapers,2028,net_fx,283248.0
base,line,c3,diapers,2028,jobs,18.0
base,line,c3,diapers,2028,investment,1350000.0
base,line,c3,diapers,2028,capital_goods_imports,944999.9999999999
base,line,c3,diapers,2028,tax_gross,6378.286764705883
base,line,c3,diapers,2028,customs_forgone,22659.84
base,line,c3,diapers,2028,tax_revenue,-16281.553235294117
base,line,c3,diapers,2029,volume,1050.0
base,line,c3,diapers,2029,gross_output,2360400.0
base,line,c3,diapers,2029,value_added,472080.0
base,line,c3,diapers,2029,indirect_va,188832.0
base,line,c3,diapers,2029,induced_va,98407.85294117649
base,line,c3,diapers,2029,total_va,759319.8529411765
base,line,c3,diapers,2029,household_income,455591.9117647059
base,line,c3,diapers,2029,import_substitution,2360400.0
base,line,c3,diapers,2029,exports,0.0
base,line,c3,diapers,2029,imported_inputs,1416240.0
base,line,c3,diapers,2029,forgone_exports,0.0
base,line,c3,diapers,2029,net_fx,944160.0
base,line,c3,diapers,2029,jobs,42.0
base,line,c3,diapers,2029,investment,1800000.0
base,line,c3,diapers,2029,capital_goods_imports,1260000.0
base,line,c3,diapers,2029,tax_gross,21260.955882352944
base,line,c3,diapers,2029,customs_forgone,75532.8
base,line,c3,diapers,2029,tax_revenue,-54271.84411764706
base,line,c3,diapers,2030,volume,1995.0
base,line,c3,diapers,2030,gross_output,4484760.0
base,line,c3,diapers,2030,value_added,896952.0
base,line,c3,diapers,2030,indirect_va,358780.80000000005
base,line,c3,diapers,2030,induced_va,186974.92058823534
base,line,c3,diapers,2030,total_va,1442707.7205882354
base,line,c3,diapers,2030,household_income,865624.6323529412
base,line,c3,diapers,2030,import_substitution,4484760.0
base,line,c3,diapers,2030,exports,0.0
base,line,c3,diapers,2030,imported_inputs,2690856.0
base,line,c3,diapers,2030,forgone_exports,0.0
base,line,c3,diapers,2030,net_fx,1793904.0
base,line,c3,diapers,2030,jobs,72.0
base,line,c3,diapers,2030,investment,2250000.0
base,line,c3,diapers,2030,capital_goods_imports,1575000.0
base,line,c3,diapers,2030,tax_gross,40395.816176470595
base,line,c3,diapers,2030,customs_forgone,143512.32
base,line,c3,diapers,2030,tax_revenue,-103116.5038235294
base,line,c3,diapers,2031,volume,2940.0
base,line,c3,diapers,2031,gross_output,6609120.0
base,line,c3,diapers,2031,value_added,1321824.0
base,line,c3,diapers,2031,indirect_va,528729.6
base,line,c3,diapers,2031,induced_va,275541.9882352941
base,line,c3,diapers,2031,total_va,2126095.5882352944
base,line,c3,diapers,2031,household_income,1275657.3529411766
base,line,c3,diapers,2031,import_substitution,6609120.0
base,line,c3,diapers,2031,exports,0.0
base,line,c3,diapers,2031,imported_inputs,3965472.0
base,line,c3,diapers,2031,forgone_exports,0.0
base,line,c3,diapers,2031,net_fx,2643648.0
base,line,c3,diapers,2031,jobs,96.0
base,line,c3,diapers,2031,investment,1800000.0000000007
base,line,c3,diapers,2031,capital_goods_imports,1260000.0000000005
base,line,c3,diapers,2031,tax_gross,59530.676470588245
base,line,c3,diapers,2031,customs_forgone,211491.84
base,line,c3,diapers,2031,tax_revenue,-151961.16352941174
base,line,c3,diapers,2032,volume,3780.0
base,line,c3,diapers,2032,gross_output,8497440.0
base,line,c3,diapers,2032,value_added,1699488.0
base,line,c3,diapers,2032,indirect_va,679795.2000000001
base,line,c3,diapers,2032,induced_va,354268.2705882354
base,line,c3,diapers,2032,total_va,2733551.4705882357
base,line,c3,diapers,2032,household_income,1640130.8823529414
base,line,c3,diapers,2032,import_substitution,8497440.0
base,line,c3,diapers,2032,exports,0.0
base,line,c3,diapers,2032,imported_inputs,5098464.0
base,line,c3,diapers,2032,forgone_exports,0.0
base,line,c3,diapers,2032,net_fx,3398976.0
base,line,c3,diapers,2032,jobs,120.0
base,line,c3,diapers,2032,investment,1799999.9999999998
base,line,c3,diapers,2032,capital_goods_imports,1259999.9999999998
base,line,c3,diapers,2032,tax_gross,76539.4411764706
base,line,c3,diapers,2032,customs_forgone,271918.08
base,line,c3,diapers,2032,tax_revenue,-195378.6388235294
base,line,c3,garments,2028,volume,600.0
base,line,c3,garments,2028,gross_output,2880000.0
base,line,c3,garments,2028,value_added,1152000.0
base,line,c3,garments,2028,indirect_va,115200.0
base,line,c3,garments,2028,induced_va,188682.3529411765
base,line,c3,garments,2028,total_va,1455882.3529411764
base,line,c3,garments,2028,household_income,873529.4117647058
base,line,c3,garments,2028,import_substitution,2880000.0
base,line,c3,garments,2028,exports,0.0
base,line,c3,garments,2028,imported_inputs,1440000.0
base,line,c3,garments,2028,forgone_exports,0.0
base,line,c3,garments,2028,net_fx,1440000.0
base,line,c3,garments,2028,jobs,1200.0
base,line,c3,garments,2028,investment,7500000.0
base,line,c3,garments,2028,capital_goods_imports,5250000.0
base,line,c3,garments,2028,tax_gross,40764.70588235294
base,line,c3,garments,2028,customs_forgone,92160.0
base,line,c3,garments,2028,tax_revenue,-51395.29411764706
base,line,c3,garments,2029,volume,2000.0
base,line,c3,garments,2029,gross_output,9600000.0
base,line,c3,garments,2029,value_added,3840000.0
base,line,c3,garments,2029,indirect_va,384000.0
base,line,c3,garments,2029,induced_va,628941.1764705883
base,line,c3,garments,2029,total_va,4852941.176470588
base,line,c3,garments,2029,household_income,2911764.705882353
base,line,c3,garments,2029,import_substitution,9600000.0
base,line,c3,garments,2029,exports,0.0
base,line,c3,garments,2029,imported_inputs,4800000.0
base,line,c3,garments,2029,forgone_exports,0.0
base,line,c3,garments,2029,net_fx,4800000.0
base,line,c3,garments,2029,jobs,2800.0
base,line,c3,garments,2029,investment,9999999.999999998
base,line,c3,garments,2029,capital_goods_imports,6999999.999999998
base,line,c3,garments,2029,tax_gross,135882.35294117648
base,line,c3,garments,2029,customs_forgone,307200.0
base,line,c3,garments,2029,tax_revenue,-171317.64705882352
base,line,c3,garments,2030,volume,3800.0
base,line,c3,garments,2030,gross_output,18240000.0
base,line,c3,garments,2030,value_added,7296000.0
base,line,c3,garments,2030,indirect_va,729600.0
base,line,c3,garments,2030,induced_va,1194988.2352941178
base,line,c3,garments,2030,total_va,9220588.235294119
base,line,c3,garments,2030,household_income,5532352.941176471
base,line,c3,garments,2030,import_substitution,18240000.0
base,line,c3,garments,2030,exports,0.0
base,line,c3,garments,2030,imported_inputs,9120000.0
base,line,c3,garments,2030,forgone_exports,0.0
base,line,c3,garments,2030,net_fx,9120000.0
base,line,c3,garments,2030,jobs,4800.0
base,line,c3,garments,2030,investment,12500000.0
base,line,c3,garments,2030,capital_goods_imports,8750000.0
base,line,c3,garments,2030,tax_gross,258176.47058823533
base,line,c3,garments,2030,customs_forgone,583680.0
base,line,c3,garments,2030,tax_revenue,-325503.5294117647
base,line,c3,garments,2031,volume,5600.0
base,line,c3,garments,2031,gross_output,26880000.0
base,line,c3,garments,2031,value_added,10752000.0
base,line,c3,garments,2031,indirect_va,1075200.0
base,line,c3,garments,2031,induced_va,1761035.2941176472
base,line,c3,garments,2031,total_va,13588235.294117648
base,line,c3,garments,2031,household_income,8152941.176470589
base,line,c3,garments,2031,import_substitution,26880000.0
base,line,c3,garments,2031,exports,0.0
base,line,c3,garments,2031,imported_inputs,13440000.0
base,line,c3,garments,2031,forgone_exports,0.0
base,line,c3,garments,2031,net_fx,13440000.0
base,line,c3,garments,2031,jobs,6400.0
base,line,c3,garments,2031,investment,10000000.000000004
base,line,c3,garments,2031,capital_goods_imports,7000000.000000002
base,line,c3,garments,2031,tax_gross,380470.58823529416
base,line,c3,garments,2031,customs_forgone,860160.0
base,line,c3,garments,2031,tax_revenue,-479689.41176470584
base,line,c3,garments,2032,volume,7200.0
base,line,c3,garments,2032,gross_output,34560000.0
base,line,c3,garments,2032,value_added,13824000.0
base,line,c3,garments,2032,indirect_va,1382400.0
base,line,c3,garments,2032,induced_va,2264188.235294118
base,line,c3,garments,2032,total_va,17470588.23529412
base,line,c3,garments,2032,household_income,10482352.94117647
base,line,c3,garments,2032,import_substitution,34560000.0
base,line,c3,garments,2032,exports,0.0
base,line,c3,garments,2032,imported_inputs,17280000.0
base,line,c3,garments,2032,forgone_exports,0.0
base,line,c3,garments,2032,net_fx,17280000.0
base,line,c3,garments,2032,jobs,8000.0
base,line,c3,garments,2032,investment,9999999.999999998
base,line,c3,garments,2032,capital_goods_imports,6999999.999999998
base,line,c3,garments,2032,tax_gross,489176.4705882353
base,line,c3,garments,2032,customs_forgone,1105920.0
base,line,c3,garments,2032,tax_revenue,-616743.5294117647
base,line,c3,aromatics,2028,volume,78.75
base,line,c3,aromatics,2028,gross_output,756000.0
base,line,c3,aromatics,2028,value_added,264600.0
base,line,c3,aromatics,2028,indirect_va,108864.0
base,line,c3,aromatics,2028,induced_va,55607.691176470595
base,line,c3,aromatics,2028,total_va,429071.6911764706
base,line,c3,aromatics,2028,household_income,257443.01470588235
base,line,c3,aromatics,2028,import_substitution,37800.0
base,line,c3,aromatics,2028,exports,718200.0
base,line,c3,aromatics,2028,imported_inputs,37800.0
base,line,c3,aromatics,2028,forgone_exports,340200.0
base,line,c3,aromatics,2028,net_fx,378000.0
base,line,c3,aromatics,2028,jobs,18.0
base,line,c3,aromatics,2028,investment,675000.0
base,line,c3,aromatics,2028,capital_goods_imports,472499.99999999994
base,line,c3,aromatics,2028,tax_gross,12014.007352941177
base,line,c3,aromatics,2028,customs_forgone,1209.6000000000001
base,line,c3,aromatics,2028,tax_revenue,10804.407352941176
base,line,c3,aromatics,2029,volume,262.5
base,line,c3,aromatics,2029,gross_output,2520000.0
base,line,c3,aromatics,2029,value_added,882000.0
base,line,c3,aromatics,2029,indirect_va,362880.0
base,line,c3,aromatics,2029,induced_va,185358.97058823533
base,line,c3,aromatics,2029,total_va,1430238.9705882354
base,line,c3,aromatics,2029,household_income,858143.3823529412
base,line,c3,aromatics,2029,import_substitution,126000.0
base,line,c3,aromatics,2029,exports,2394000.0
base,line,c3,aromatics,2029,imported_inputs,126000.0
base,line,c3,aromatics,2029,forgone_exports,1134000.0
base,line,c3,aromatics,2029,net_fx,1260000.0
base,line,c3,aromatics,2029,jobs,42.0
base,line,c3,aromatics,2029,investment,900000.0
base,line,c3,aromatics,2029,capital_goods_imports,630000.0
base,line,c3,aromatics,2029,tax_gross,40046.691176470595
base,line,c3,aromatics,2029,customs_forgone,4032.0
base,line,c3,aromatics,2029,tax_revenue,36014.691176470595
base,line,c3,aromatics,2030,volume,498.75
base,line,c3,aromatics,2030,gross_output,4788000.0
base,line,c3,aromatics,2030,value_added,1675800.0
base,line,c3,aromatics,2030,indirect_va,689472.0
base,line,c3,aromatics,2030,induced_va,352182.0441176471
base,line,c3,aromatics,2030,total_va,2717454.044117647
base,line,c3,aromatics,2030,household_income,1630472.4264705882
base,line,c3,aromatics,2030,import_substitution,239400.0
base,line,c3,aromatics,2030,exports,4548600.0
base,line,c3,aromatics,2030,imported_inputs,239400.0
base,line,c3,aromatics,2030,forgone_exports,2154600.0
base,line,c3,aromatics,2030,net_fx,2394000.0
base,line,c3,aromatics,2030,jobs,72.0
base,line,c3,aromatics,2030,investment,1125000.0
base,line,c3,aromatics,2030,capital_goods_imports,787500.0
base,line,c3,aromatics,2030,tax_gross,76088.71323529413
base,line,c3,aromatics,2030,customs_forgone,7660.8
base,line,c3,aromatics,2030,tax_revenue,68427.91323529412
base,line,c3,aromatics,2031,volume,735.0
base,line,c3,aromatics,2031,gross_output,7056000.0
base,line,c3,aromatics,2031,value_added,2469600.0
base,line,c3,aromatics,2031,indirect_va,1016064.0
base,line,c3,aromatics,2031,induced_va,519005.11764705885
base,line,c3,aromatics,2031,total_va,4004669.117647059
base,line,c3,aromatics,2031,household_income,2402801.470588235
base,line,c3,aromatics,2031,import_substitution,352800.0
base,line,c3,aromatics,2031,exports,6703200.0
base,line,c3,aromatics,2031,imported_inputs,352800.0
base,line,c3,aromatics,2031,forgone_exports,3175200.0
base,line,c3,aromatics,2031,net_fx,3528000.0
base,line,c3,aromatics,2031,jobs,96.0
base,line,c3,aromatics,2031,investment,900000.0000000003
base,line,c3,aromatics,2031,capital_goods_imports,630000.0000000002
base,line,c3,aromatics,2031,tax_gross,112130.73529411765
base,line,c3,aromatics,2031,customs_forgone,11289.6
base,line,c3,aromatics,2031,tax_revenue,100841.13529411764
base,line,c3,aromatics,2032,volume,945.0
base,line,c3,aromatics,2032,gross_output,9072000.0
base,line,c3,aromatics,2032,value_added,3175200.0
base,line,c3,aromatics,2032,indirect_va,1306368.0
base,line,c3,aromatics,2032,induced_va,667292.2941176471
base,line,c3,aromatics,2032,total_va,5148860.294117647
base,line,c3,aromatics,2032,household_income,3089316.1764705884
base,line,c3,aromatics,2032,import_substitution,453600.0
base,line,c3,aromatics,2032,exports,8618400.0
base,line,c3,aromatics,2032,imported_inputs,453600.0
base,line,c3,aromatics,2032,forgone_exports,4082400.0
base,line,c3,aromatics,2032,net_fx,4536000.0
base,line,c3,aromatics,2032,jobs,120.0
base,line,c3,aromatics,2032,investment,899999.9999999999
base,line,c3,aromatics,2032,capital_goods_imports,629999.9999999999
base,line,c3,aromatics,2032,tax_gross,144168.08823529413
base,line,c3,aromatics,2032,customs_forgone,14515.2
base,line,c3,aromatics,2032,tax_revenue,129652.88823529413
base,line,c3,stoves,2028,volume,11250.0
base,line,c3,stoves,2028,gross_output,315000.0
base,line,c3,stoves,2028,value_added,78750.0
base,line,c3,stoves,2028,indirect_va,50400.0
base,line,c3,stoves,2028,induced_va,19230.055147058825
base,line,c3,stoves,2028,total_va,148380.05514705883
base,line,c3,stoves,2028,household_income,89028.03308823529
base,line,c3,stoves,2028,import_substitution,157500.0
base,line,c3,stoves,2028,exports,0.0
base,line,c3,stoves,2028,imported_inputs,110250.0
base,line,c3,stoves,2028,forgone_exports,0.0
base,line,c3,stoves,2028,net_fx,47250.0
base,line,c3,stoves,2028,jobs,42.0
base,line,c3,stoves,2028,investment,300000.0
base,line,c3,stoves,2028,capital_goods_imports,210000.0
base,line,c3,stoves,2028,tax_gross,4154.641544117647
base,line,c3,stoves,2028,customs_forgone,5040.0
base,line,c3,stoves,2028,tax_revenue,-885.3584558823532
base,line,c3,stoves,2029,volume,37500.0
base,line,c3,stoves,2029,gross_output,1050000.0
base,line,c3,stoves,2029,value_added,262500.0
base,line,c3,stoves,2029,indirect_va,168000.0
base,line,c3,stoves,2029,induced_va,64100.18382352942
base,line,c3,stoves,2029,total_va,494600.1838235294
base,line,c3,stoves,2029,household_income,296760.11029411765
base,line,c3,stoves,2029,import_substitution,525000.0
base,line,c3,stoves,2029,exports,0.0
base,line,c3,stoves,2029,imported_inputs,367500.0
base,line,c3,stoves,2029,forgone_exports,0.0
base,line,c3,stoves,2029,net_fx,157500.0
base,line,c3,stoves,2029,jobs,98.0
base,line,c3,stoves,2029,investment,400000.0
base,line,c3,stoves,2029,capital_goods_imports,280000.0
base,line,c3,stoves,2029,tax_gross,13848.805147058823
base,line,c3,stoves,2029,customs_forgone,16800.0
base,line,c3,stoves,2029,tax_revenue,-2951.1948529411766
base,line,c3,stoves,2030,volume,71250.0
base,line,c3,stoves,2030,gross_output,1994999.9999999998
base,line,c3,stoves,2030,value_added,498749.99999999994
base,line,c3,stoves,2030,indirect_va,319200.0
base,line,c3,stoves,2030,induced_va,121790.3492647059
base,line,c3,stoves,2030,total_va,939740.3492647059
base,line,c3,stoves,2030,household_income,563844.2095588235
base,line,c3,stoves,2030,import_substitution,997499.9999999999
base,line,c3,stoves,2030,exports,0.0
base,line,c3,stoves,2030,imported_inputs,698249.9999999999
base,line,c3,stoves,2030,forgone_exports,0.0
base,line,c3,stoves,2030,net_fx,299250.0
base,line,c3,stoves,2030,jobs,168.0
base,line,c3,stoves,2030,investment,500000.0
base,line,c3,stoves,2030,capital_goods_imports,350000.0
base,line,c3,stoves,2030,tax_gross,26312.729779411766
base,line,c3,stoves,2030,customs_forgone,31919.999999999996
base,line,c3,stoves,2030,tax_revenue,-5607.270220588231
base,line,c3,stoves,2031,volume,105000.0
base,line,c3,stoves,2031,gross_output,2940000.0
base,line,c3,stoves,2031,value_added,735000.0
base,line,c3,stoves,2031,indirect_va,470400.0
base,line,c3,stoves,2031,induced_va,179480.51470588238
base,line,c3,stoves,2031,total_va,1384880.5147058824
base,line,c3,stoves,2031,household_income,830928.3088235294
base,line,c3,stoves,2031,import_substitution,1470000.0
base,line,c3,stoves,2031,exports,0.0
base,line,c3,stoves,2031,imported_inputs,1028999.9999999999
base,line,c3,stoves,2031,forgone_exports,0.0
base,line,c3,stoves,2031,net_fx,441000.0000000001
base,line,c3,stoves,2031,jobs,224.0
base,line,c3,stoves,2031,investment,400000.0000000001
base,line,c3,stoves,2031,capital_goods_imports,280000.00000000006
base,line,c3,stoves,2031,tax_gross,38776.654411764706
base,line,c3,stoves,2031,customs_forgone,47040.0
base,line,c3,stoves,2031,tax_revenue,-8263.345588235294
base,line,c3,stoves,2032,volume,135000.0
base,line,c3,stoves,2032,gross_output,3779999.9999999995
base,line,c3,stoves,2032,value_added,944999.9999999999
base,line,c3,stoves,2032,indirect_va,604799.9999999999
base,line,c3,stoves,2032,induced_va,230760.66176470587
base,line,c3,stoves,2032,total_va,1780560.6617647056
base,line,c3,stoves,2032,household_income,1068336.3970588234
base,line,c3,stoves,2032,import_substitution,1889999.9999999998
base,line,c3,stoves,2032,exports,0.0
base,line,c3,stoves,2032,imported_inputs,1322999.9999999998
base,line,c3,stoves,2032,forgone_exports,0.0
base,line,c3,stoves,2032,net_fx,567000.0
base,line,c3,stoves,2032,jobs,280.0
base,line,c3,stoves,2032,investment,399999.99999999994
base,line,c3,stoves,2032,capital_goods_imports,279999.99999999994
base,line,c3,stoves,2032,tax_gross,49855.698529411755
base,line,c3,stoves,2032,customs_forgone,60479.99999999999
base,line,c3,stoves,2032,tax_revenue,-10624.301470588238
base,line,c3,pellets,2028,volume,2100.0
base,line,c3,pellets,2028,gross_output,126000.0
base,line,c3,pellets,2028,value_added,37800.0
base,line,c3,pellets,2028,indirect_va,52416.0
base,line,c3,pellets,2028,induced_va,13432.897058823532
base,line,c3,pellets,2028,total_va,103648.89705882352
base,line,c3,pellets,2028,household_income,62189.33823529411
base,line,c3,pellets,2028,import_substitution,0.0
base,line,c3,pellets,2028,exports,0.0
base,line,c3,pellets,2028,imported_inputs,6300.0
base,line,c3,pellets,2028,forgone_exports,0.0
base,line,c3,pellets,2028,net_fx,-6300.0
base,line,c3,pellets,2028,jobs,24.0
base,line,c3,pellets,2028,investment,900000.0
base,line,c3,pellets,2028,capital_goods_imports,630000.0
base,line,c3,pellets,2028,tax_gross,2902.1691176470586
base,line,c3,pellets,2028,customs_forgone,0.0
base,line,c3,pellets,2028,tax_revenue,2902.1691176470586
base,line,c3,pellets,2029,volume,7000.0
base,line,c3,pellets,2029,gross_output,420000.0
base,line,c3,pellets,2029,value_added,126000.0
base,line,c3,pellets,2029,indirect_va,174720.0
base,line,c3,pellets,2029,induced_va,44776.32352941177
base,line,c3,pellets,2029,total_va,345496.32352941175
base,line,c3,pellets,2029,household_income,207297.79411764705
base,line,c3,pellets,2029,import_substitution,0.0
base,line,c3,pellets,2029,exports,0.0
base,line,c3,pellets,2029,imported_inputs,21000.0
base,line,c3,pellets,2029,forgone_exports,0.0
base,line,c3,pellets,2029,net_fx,-21000.0
base,line,c3,pellets,2029,jobs,56.0
base,line,c3,pellets,2029,investment,1199999.9999999998
base,line,c3,pellets,2029,capital_goods_imports,839999.9999999998
base,line,c3,pellets,2029,tax_gross,9673.89705882353
base,line,c3,pellets,2029,customs_forgone,0.0
base,line,c3,pellets,2029,tax_revenue,9673.89705882353
base,line,c3,pellets,2030,volume,13300.0
base,line,c3,pellets,2030,gross_output,798000.0
base,line,c3,pellets,2030,value_added,239400.0
base,line,c3,pellets,2030,indirect_va,331968.0
base,line,c3,pellets,2030,induced_va,85075.01470588236
base,line,c3,pellets,2030,total_va,656443.0147058824
base,line,c3,pellets,2030,household_income,393865.80882352946
base,line,c3,pellets,2030,import_substitution,0.0
base,line,c3,pellets,2030,exports,0.0
base,line,c3,pellets,2030,imported_inputs,39900.0
base,line,c3,pellets,2030,forgone_exports,0.0
base,line,c3,pellets,2030,net_fx,-39900.0
base,line,c3,pellets,2030,jobs,96.0
base,line,c3,pellets,2030,investment,1500000.0
base,line,c3,pellets,2030,capital_goods_imports,1050000.0
base,line,c3,pellets,2030,tax_gross,18380.404411764706
base,line,c3,pellets,2030,customs_forgone,0.0
base,line,c3,pellets,2030,tax_revenue,18380.404411764706
base,line,c3,pellets,2031,volume,19600.0
base,line,c3,pellets,2031,gross_output,1176000.0
base,line,c3,pellets,2031,value_added,352800.0
base,line,c3,pellets,2031,indirect_va,489216.0
base,line,c3,pellets,2031,induced_va,125373.70588235295
base,line,c3,pellets,2031,total_va,967389.705882353
base,line,c3,pellets,2031,household_income,580433.8235294118
base,line,c3,pellets,2031,import_substitution,0.0
base,line,c3,pellets,2031,exports,0.0
base,line,c3,pellets,2031,imported_inputs,58800.0
base,line,c3,pellets,2031,forgone_exports,0.0
base,line,c3,pellets,2031,net_fx,-58800.0
base,line,c3,pellets,2031,jobs,128.0
base,line,c3,pellets,2031,investment,1200000.0000000005
base,line,c3,pellets,2031,capital_goods_imports,840000.0000000002
base,line,c3,pellets,2031,tax_gross,27086.911764705885
base,line,c3,pellets,2031,customs_forgone,0.0
base,line,c3,pellets,2031,tax_revenue,27086.911764705885
base,line,c3,pellets,2032,volume,25200.0
base,line,c3,pellets,2032,gross_output,1512000.0
base,line,c3,pellets,2032,value_added,453600.0
base,line,c3,pellets,2032,indirect_va,628992.0
base,line,c3,pellets,2032,induced_va,161194.76470588235
base,line,c3,pellets,2032,total_va,1243786.7647058824
base,line,c3,pellets,2032,household_income,746272.0588235294
base,line,c3,pellets,2032,import_substitution,0.0
base,line,c3,pellets,2032,exports,0.0
base,line,c3,pellets,2032,imported_inputs,75600.0
base,line,c3,pellets,2032,forgone_exports,0.0
base,line,c3,pellets,2032,net_fx,-75600.0
base,line,c3,pellets,2032,jobs,160.0
base,line,c3,pellets,2032,investment,1199999.9999999998
base,line,c3,pellets,2032,capital_goods_imports,839999.9999999998
base,line,c3,pellets,2032,tax_gross,34826.029411764706
base,line,c3,pellets,2032,customs_forgone,0.0
base,line,c3,pellets,2032,tax_revenue,34826.029411764706
base,line,c4,bpo,2028,volume,300.0
base,line,c4,bpo,2028,gross_output,2400000.0
base,line,c4,bpo,2028,value_added,1440000.0
base,line,c4,bpo,2028,indirect_va,403200.0
base,line,c4,bpo,2028,induced_va,274447.05882352946
base,line,c4,bpo,2028,total_va,2117647.0588235296
base,line,c4,bpo,2028,household_income,1270588.2352941178
base,line,c4,bpo,2028,import_substitution,0.0
base,line,c4,bpo,2028,exports,2400000.0
base,line,c4,bpo,2028,imported_inputs,240000.0
base,line,c4,bpo,2028,forgone_exports,0.0
base,line,c4,bpo,2028,net_fx,2160000.0
base,line,c4,bpo,2028,jobs,780.0
base,line,c4,bpo,2028,investment,3000000.0
base,line,c4,bpo,2028,capital_goods_imports,2100000.0
base,line,c4,bpo,2028,tax_gross,59294.11764705883
base,line,c4,bpo,2028,customs_forgone,0.0
base,line,c4,bpo,2028,tax_revenue,59294.11764705883
base,line,c4,bpo,2029,volume,1000.0
base,line,c4,bpo,2029,gross_output,8000000.0
base,line,c4,bpo,2029,value_added,4800000.0
base,line,c4,bpo,2029,indirect_va,1344000.0
base,line,c4,bpo,2029,induced_va,914823.5294117648
base,line,c4,bpo,2029,total_va,7058823.529411765
base,line,c4,bpo,2029,household_income,4235294.117647058
base,line,c4,bpo,2029,import_substitution,0.0
base,line,c4,bpo,2029,exports,8000000.0
base,line,c4,bpo,2029,imported_inputs,800000.0
base,line,c4,bpo,2029,forgone_exports,0.0
base,line,c4,bpo,2029,net_fx,7200000.0
base,line,c4,bpo,2029,jobs,1820.0
base,line,c4,bpo,2029,investment,3999999.9999999995
base,line,c4,bpo,2029,capital_goods_imports,2799999.9999999995
base,line,c4,bpo,2029,tax_gross,197647.05882352943
base,line,c4,bpo,2029,customs_forgone,0.0
base,line,c4,bpo,2029,tax_revenue,197647.05882352943
base,line,c4,bpo,2030,volume,1900.0
base,line,c4,bpo,2030,gross_output,15200000.0
base,line,c4,bpo,2030,value_added,9120000.0
base,line,c4,bpo,2030,indirect_va,2553600.0
base,line,c4,bpo,2030,induced_va,1738164.7058823532
base,line,c4,bpo,2030,total_va,13411764.705882354
base,line,c4,bpo,2030,household_income,8047058.823529412
base,line,c4,bpo,2030,import_substitution,0.0
base,line,c4,bpo,2030,exports,15200000.0
base,line,c4,bpo,2030,imported_inputs,1520000.0
base,line,c4,bpo,2030,forgone_exports,0.0
base,line,c4,bpo,2030,net_fx,13680000.0
base,line,c4,bpo,2030,jobs,3120.0
base,line,c4,bpo,2030,investment,5000000.0
base,line,c4,bpo,2030,capital_goods_imports,3500000.0
base,line,c4,bpo,2030,tax_gross,375529.4117647059
base,line,c4,bpo,2030,customs_forgone,0.0
base,line,c4,bpo,2030,tax_revenue,375529.4117647059
base,line,c4,bpo,2031,volume,2800.0
base,line,c4,bpo,2031,gross_output,22400000.0
base,line,c4,bpo,2031,value_added,13440000.0
base,line,c4,bpo,2031,indirect_va,3763200.0
base,line,c4,bpo,2031,induced_va,2561505.8823529417
base,line,c4,bpo,2031,total_va,19764705.88235294
base,line,c4,bpo,2031,household_income,11858823.529411765
base,line,c4,bpo,2031,import_substitution,0.0
base,line,c4,bpo,2031,exports,22400000.0
base,line,c4,bpo,2031,imported_inputs,2240000.0
base,line,c4,bpo,2031,forgone_exports,0.0
base,line,c4,bpo,2031,net_fx,20160000.0
base,line,c4,bpo,2031,jobs,4160.0
base,line,c4,bpo,2031,investment,4000000.0000000014
base,line,c4,bpo,2031,capital_goods_imports,2800000.000000001
base,line,c4,bpo,2031,tax_gross,553411.7647058824
base,line,c4,bpo,2031,customs_forgone,0.0
base,line,c4,bpo,2031,tax_revenue,553411.7647058824
base,line,c4,bpo,2032,volume,3600.0
base,line,c4,bpo,2032,gross_output,28800000.0
base,line,c4,bpo,2032,value_added,17280000.0
base,line,c4,bpo,2032,indirect_va,4838400.0
base,line,c4,bpo,2032,induced_va,3293364.7058823532
base,line,c4,bpo,2032,total_va,25411764.70588235
base,line,c4,bpo,2032,household_income,15247058.823529411
base,line,c4,bpo,2032,import_substitution,0.0
base,line,c4,bpo,2032,exports,28800000.0
base,line,c4,bpo,2032,imported_inputs,2880000.0
base,line,c4,bpo,2032,forgone_exports,0.0
base,line,c4,bpo,2032,net_fx,25920000.0
base,line,c4,bpo,2032,jobs,5200.0
base,line,c4,bpo,2032,investment,3999999.999999999
base,line,c4,bpo,2032,capital_goods_imports,2799999.999999999
base,line,c4,bpo,2032,tax_gross,711529.4117647059
base,line,c4,bpo,2032,customs_forgone,0.0
base,line,c4,bpo,2032,tax_revenue,711529.4117647059
base,cluster,c1,c1,2028,volume,161887.5
base,cluster,c1,c1,2028,gross_output,14535000.0
base,cluster,c1,c1,2028,value_added,2893950.0
base,cluster,c1,c1,2028,indirect_va,4615272.0
base,cluster,c1,c1,2028,induced_va,1118101.0698529412
base,cluster,c1,c1,2028,total_va,8627323.06985294
base,cluster,c1,c1,2028,household_income,5176393.841911765
base,cluster,c1,c1,2028,import_substitution,2378250.0
base,cluster,c1,c1,2028,exports,12156750.0
base,cluster,c1,c1,2028,imported_inputs,1208250.0
base,cluster,c1,c1,2028,forgone_exports,2143800.0
base,cluster,c1,c1,2028,net_fx,11182950.0
base,cluster,c1,c1,2028,jobs,446.40000000000003
base,cluster,c1,c1,2028,investment,13950000.0
base,cluster,c1,c1,2028,capital_goods_imports,9765000.0
base,cluster,c1,c1,2028,tax_gross,241565.04595588235
base,cluster,c1,c1,2028,customs_forgone,76104.0
base,cluster,c1,c1,2028,tax_revenue,165461.04595588235
base,cluster,c1,c1,2028,net_fx,11182950.0
base,cluster,c1,c1,2029,volume,539625.0
base,cluster,c1,c1,2029,gross_output,48450000.0
base,cluster,c1,c1,2029,value_added,9646500.0
base,cluster,c1,c1,2029,indirect_va,15384240.0
base,cluster,c1,c1,2029,induced_va,3727003.5661764713
base,cluster,c1,c1,2029,total_va,28757743.56617647
base,cluster,c1,c1,2029,household_income,17254646.13970588
base,cluster,c1,c1,2029,import_substitution,7927500.0
base,cluster,c1,c1,2029,exports,40522500.0
base,cluster,c1,c1,2029,imported_inputs,4027500.0
base,cluster,c1,c1,2029,forgone_exports,7146000.0
base,cluster,c1,c1,2029,net_fx,37276500.0
base,cluster,c1,c1,2029,jobs,1041.6000000000001
base,cluster,c1,c1,2029,investment,18600000.0
base,cluster,c1,c1,2029,capital_goods_imports,13019999.999999996
base,cluster,c1,c1,2029,tax_gross,805216.8198529412
base,cluster,c1,c1,2029,customs_forgone,253680.0
base,cluster,c1,c1,2029,tax_revenue,551536.8198529412
base,cluster,c1,c1,2029,net_fx,37276500.0
base,cluster,c1,c1,2030,volume,1025287.5
base,cluster,c1,c1,2030,gross_output,92055000.0
base,cluster,c1,c1,2030,value_added,18328350.0
base,cluster,c1,c1,2030,indirect_va,29230056.0
base,cluster,c1,c1,2030,induced_va,7081306.775735294
base,cluster,c1,c1,2030,total_va,54639712.77573529
base,cluster,c1,c1,2030,household_income,32783827.66544117
base,cluster,c1,c1,2030,import_substitution,15062250.0
base,cluster,c1,c1,2030,exports,76992750.0
base,cluster,c1,c1,2030,imported_inputs,7652250.0
base,cluster,c1,c1,2030,forgone_exports,13577400.0
base,cluster,c1,c1,2030,net_fx,70825350.0
base,cluster,c1,c1,2030,jobs,1785.6000000000001
base,cluster,c1,c1,2030,investment,23250000.0
base,cluster,c1,c1,2030,capital_goods_imports,16275000.0
base,cluster,c1,c1,2030,tax_gross,1529911.9577205882
base,cluster,c1,c1,2030,customs_forgone,481992.0
base,cluster,c1,c1,2030,tax_revenue,1047919.9577205882
base,cluster,c1,c1,2030,net_fx,70825350.0
base,cluster,c1,c1,2031,volume,1510950.0
base,cluster,c1,c1,2031,gross_output,135660000.0
base,cluster,c1,c1,2031,value_added,27010200.0
base,cluster,c1,c1,2031,indirect_va,43075871.99999999
base,cluster,c1,c1,2031,induced_va,10435609.985294119
base,cluster,c1,c1,2031,total_va,80521681.9852941
base,cluster,c1,c1,2031,household_income,48313009.19117646
base,cluster,c1,c1,2031,import_substitution,22197000.0
base,cluster,c1,c1,2031,exports,113463000.0
base,cluster,c1,c1,2031,imported_inputs,11277000.0
base,cluster,c1,c1,2031,forgone_exports,20008800.0
base,cluster,c1,c1,2031,net_fx,104374199.99999999
base,cluster,c1,c1,2031,jobs,2380.8
base,cluster,c1,c1,2031,investment,18600000.000000007
base,cluster,c1,c1,2031,capital_goods_imports,13020000.000000004
base,cluster,c1,c1,2031,tax_gross,2254607.095588235
base,cluster,c1,c1,2031,customs_forgone,710304.0
base,cluster,c1,c1,2031,tax_revenue,1544303.0955882352
base,cluster,c1,c1,2031,net_fx,104374199.99999999
base,cluster,c1,c1,2032,volume,1942650.0
base,cluster,c1,c1,2032,gross_output,174420000.0
base,cluster,c1,c1,2032,value_added,34727400.0
base,cluster,c1,c1,2032,indirect_va,55383264.0
base,cluster,c1,c1,2032,induced_va,13417212.838235296
base,cluster,c1,c1,2032,total_va,103527876.83823529
base,cluster,c1,c1,2032,household_income,62116726.10294117
base,cluster,c1,c1,2032,import_substitution,28539000.0
base,cluster,c1,c1,2032,exports,145881000.0
base,cluster,c1,c1,2032,imported_inputs,14499000.0
base,cluster,c1,c1,2032,forgone_exports,25725600.0
base,cluster,c1,c1,2032,net_fx,134195400.0
base,cluster,c1,c1,2032,jobs,2976.0
base,cluster,c1,c1,2032,investment,18599999.999999996
base,cluster,c1,c1,2032,capital_goods_imports,13019999.999999996
base,cluster,c1,c1,2032,tax_gross,2898780.5514705884
base,cluster,c1,c1,2032,customs_forgone,913248.0
base,cluster,c1,c1,2032,tax_revenue,1985532.5514705884
base,cluster,c1,c1,2032,net_fx,134195400.0
base,cluster,c2,c2,2028,volume,2925.0
base,cluster,c2,c2,2028,gross_output,2929500.0
base,cluster,c2,c2,2028,value_added,461160.0
base,cluster,c2,c2,2028,indirect_va,729010.8
base,cluster,c2,c2,2028,induced_va,177212.9316176471
base,cluster,c2,c2,2028,total_va,1367383.7316176472
base,cluster,c2,c2,2028,household_income,820430.2389705882
base,cluster,c2,c2,2028,import_substitution,406350.0
base,cluster,c2,c2,2028,exports,2409750.0
base,cluster,c2,c2,2028,imported_inputs,146475.0
base,cluster,c2,c2,2028,forgone_exports,1576260.0
base,cluster,c2,c2,2028,net_fx,1093365.0
base,cluster,c2,c2,2028,jobs,82.8
base,cluster,c2,c2,2028,investment,7575000.0
base,cluster,c2,c2,2028,capital_goods_imports,5302500.0
base,cluster,c2,c2,2028,tax_gross,38286.74448529412
base,cluster,c2,c2,2028,customs_forgone,13003.2
base,cluster,c2,c2,2028,tax_revenue,25283.54448529412
base,cluster,c2,c2,2028,net_fx,1093365.0
base,cluster,c2,c2,2029,volume,9750.0
base,cluster,c2,c2,2029,gross_output,9765000.0
base,cluster,c2,c2,2029,value_added,1537200.0
base,cluster,c2,c2,2029,indirect_va,2430036.0
base,cluster,c2,c2,2029,induced_va,590709.7720588236
base,cluster,c2,c2,2029,total_va,4557945.772058824
base,cluster,c2,c2,2029,household_income,2734767.463235294
base,cluster,c2,c2,2029,import_substitution,1354500.0
base,cluster,c2,c2,2029,exports,8032500.0
base,cluster,c2,c2,2029,imported_inputs,488250.0
base,cluster,c2,c2,2029,forgone_exports,5254200.0
base,cluster,c2,c2,2029,net_fx,3644550.0
base,cluster,c2,c2,2029,jobs,193.2
base,cluster,c2,c2,2029,investment,10100000.0
base,cluster,c2,c2,2029,capital_goods_imports,7070000.0
base,cluster,c2,c2,2029,tax_gross,127622.48161764706
base,cluster,c2,c2,2029,customs_forgone,43344.0
base,cluster,c2,c2,2029,tax_revenue,84278.48161764706
base,cluster,c2,c2,2029,net_fx,3644550.0
base,cluster,c2,c2,2030,volume,18525.0
base,cluster,c2,c2,2030,gross_output,18553500.0
base,cluster,c2,c2,2030,value_added,2920680.0
base,cluster,c2,c2,2030,indirect_va,4617068.4
base,cluster,c2,c2,2030,induced_va,1122348.566911765
base,cluster,c2,c2,2030,total_va,8660096.966911765
base,cluster,c2,c2,2030,household_income,5196058.180147059
base,cluster,c2,c2,2030,import_substitution,2573550.0
base,cluster,c2,c2,2030,exports,15261750.0
base,cluster,c2,c2,2030,imported_inputs,927675.0
base,cluster,c2,c2,2030,forgone_exports,9982980.0
base,cluster,c2,c2,2030,net_fx,6924645.0
base,cluster,c2,c2,2030,jobs,331.2
base,cluster,c2,c2,2030,investment,12625000.0
base,cluster,c2,c2,2030,capital_goods_imports,8837500.0
base,cluster,c2,c2,2030,tax_gross,242482.7150735294
base,cluster,c2,c2,2030,customs_forgone,82353.6
base,cluster,c2,c2,2030,tax_revenue,160129.11507352942
base,cluster,c2,c2,2030,net_fx,6924645.0
base,cluster,c2,c2,2031,volume,27300.0
base,cluster,c2,c2,2031,gross_output,27342000.0
base,cluster,c2,c2,2031,value_added,4304160.0
base,cluster,c2,c2,2031,indirect_va,6804100.800000001
base,cluster,c2,c2,2031,induced_va,1653987.361764706
base,cluster,c2,c2,2031,total_va,12762248.161764707
base,cluster,c2,c2,2031,household_income,7657348.897058824
base,cluster,c2,c2,2031,import_substitution,3792600.0
base,cluster,c2,c2,2031,exports,22491000.0
base,cluster,c2,c2,2031,imported_inputs,1367100.0
base,cluster,c2,c2,2031,forgone_exports,14711760.0
base,cluster,c2,c2,2031,net_fx,10204740.0
base,cluster,c2,c2,2031,jobs,441.6
base,cluster,c2,c2,2031,investment,10100000.000000004
base,cluster,c2,c2,2031,capital_goods_imports,7070000.000000002
base,cluster,c2,c2,2031,tax_gross,357342.9485294118
base,cluster,c2,c2,2031,customs_forgone,121363.2
base,cluster,c2,c2,2031,tax_revenue,235979.7485294118
base,cluster,c2,c2,2031,net_fx,10204740.0
base,cluster,c2,c2,2032,volume,35100.0
base,cluster,c2,c2,2032,gross_output,35154000.0
base,cluster,c2,c2,2032,value_added,5533920.0
base,cluster,c2,c2,2032,indirect_va,8748129.600000001
base,cluster,c2,c2,2032,induced_va,2126555.1794117647
base,cluster,c2,c2,2032,total_va,16408604.779411763
base,cluster,c2,c2,2032,household_income,9845162.86764706
base,cluster,c2,c2,2032,import_substitution,4876200.0
base,cluster,c2,c2,2032,exports,28917000.0
base,cluster,c2,c2,2032,imported_inputs,1757700.0
base,cluster,c2,c2,2032,forgone_exports,18915120.0
base,cluster,c2,c2,2032,net_fx,13120380.0
base,cluster,c2,c2,2032,jobs,552.0
base,cluster,c2,c2,2032,investment,10099999.999999998
base,cluster,c2,c2,2032,capital_goods_imports,7069999.999999999
base,cluster,c2,c2,2032,tax_gross,459440.93382352946
base,cluster,c2,c2,2032,customs_forgone,156038.4
base,cluster,c2,c2,2032,tax_revenue,303402.53382352943
base,cluster,c2,c2,2032,net_fx,13120380.0
base,cluster,c3,c3,2028,volume,2727468.75
base,cluster,c3,c3,2028,gross_output,11469120.0
base,cluster,c3,c3,2028,value_added,2684934.0
base,cluster,c3,c3,2028,indirect_va,1317724.8
base,cluster,c3,c3,2028,induced_va,595984.1227941177
base,cluster,c3,c3,2028,total_va,4598642.922794118
base,cluster,c3,c3,2028,household_income,2759185.7536764704
base,cluster,c3,c3,2028,import_substitution,9573180.0
base,cluster,c3,c3,2028,exports,912600.0
base,cluster,c3,c3,2028,imported_inputs,5633622.0
base,cluster,c3,c3,2028,forgone_exports,340200.0
base,cluster,c3,c3,2028,net_fx,4511958.0
base,cluster,c3,c3,2028,jobs,1366.32
base,cluster,c3,c3,2028,investment,25755000.0
base,cluster,c3,c3,2028,capital_goods_imports,18028500.0
base,cluster,c3,c3,2028,tax_gross,128762.0018382353
base,cluster,c3,c3,2028,customs_forgone,306341.76
base,cluster,c3,c3,2028,tax_revenue,-177579.7581617647
base,cluster,c3,c3,2028,net_fx,4511958.0
base,cluster,c3,c3,2029,volume,9091562.5
base,cluster,c3,c3,2029,gross_output,38230400.0
base,cluster,c3,c3,2029,value_added,8949780.0
base,cluster,c3,c3,2029,indirect_va,4392416.0
base,cluster,c3,c3,2029,induced_va,1986613.742647059
base,cluster,c3,c3,2029,total_va,15328809.74264706
base,cluster,c3,c3,2029,household_income,9197285.845588235
base,cluster,c3,c3,2029,import_substitution,31910600.0
base,cluster,c3,c3,2029,exports,3042000.0
base,cluster,c3,c3,2029,imported_inputs,18778740.0
base,cluster,c3,c3,2029,forgone_exports,1134000.0
base,cluster,c3,c3,2029,net_fx,15039860.0
base,cluster,c3,c3,2029,jobs,3188.08
base,cluster,c3,c3,2029,investment,34340000.0
base,cluster,c3,c3,2029,capital_goods_imports,24038000.0
base,cluster,c3,c3,2029,tax_gross,429206.67279411765
base,cluster,c3,c3,2029,customs_forgone,1021139.2000000001
base,cluster,c3,c3,2029,tax_revenue,-591932.5272058824
base,cluster,c3,c3,2029,net_fx,15039860.0
base,cluster,c3,c3,2030,volume,17273968.75
base,cluster,c3,c3,2030,gross_output,72637760.0
base,cluster,c3,c3,2030,value_added,17004582.0
base,cluster,c3,c3,2030,indirect_va,8345590.4
base,cluster,c3,c3,2030,induced_va,3774566.1110294126
base,cluster,c3,c3,2030,total_va,29124738.511029415
base,cluster,c3,c3,2030,household_income,17474843.10661765
base,cluster,c3,c3,2030,import_substitution,60630140.0
base,cluster,c3,c3,2030,exports,5779800.0
base,cluster,c3,c3,2030,imported_inputs,35679606.0
base,cluster,c3,c3,2030,forgone_exports,2154600.0
base,cluster,c3,c3,2030,net_fx,28575734.0
base,cluster,c3,c3,2030,jobs,5465.28
base,cluster,c3,c3,2030,investment,42925000.0
base,cluster,c3,c3,2030,capital_goods_imports,30047500.0
base,cluster,c3,c3,2030,tax_gross,815492.6783088236
base,cluster,c3,c3,2030,customs_forgone,1940164.48
base,cluster,c3,c3,2030,tax_revenue,-1124671.8016911761
base,cluster,c3,c3,2030,net_fx,28575734.0
base,cluster,c3,c3,2031,volume,25456375.0
base,cluster,c3,c3,2031,gross_output,107045120.0
base,cluster,c3,c3,2031,value_added,25059384.0
base,cluster,c3,c3,2031,indirect_va,12298764.799999999
base,cluster,c3,c3,2031,induced_va,5562518.479411765
base,cluster,c3,c3,2031,total_va,42920667.27941177
base,cluster,c3,c3,2031,household_income,25752400.36764706
base,cluster,c3,c3,2031,import_substitution,89349680.0
base,cluster,c3,c3,2031,exports,8517600.0
base,cluster,c3,c3,2031,imported_inputs,52580472.0
base,cluster,c3,c3,2031,forgone_exports,3175200.0
base,cluster,c3,c3,2031,net_fx,42111608.0
base,cluster,c3,c3,2031,jobs,7287.04
base,cluster,c3,c3,2031,investment,34340000.000000015
base,cluster,c3,c3,2031,capital_goods_imports,24038000.000000007
base,cluster,c3,c3,2031,tax_gross,1201778.6838235294
base,cluster,c3,c3,2031,customs_forgone,2859189.7600000002
base,cluster,c3,c3,2031,tax_revenue,-1657411.0761764701
base,cluster,c3,c3,2031,net_fx,42111608.0
base,cluster,c3,c3,2032,volume,32729625.0
base,cluster,c3,c3,2032,gross_output,137629440.0
base,cluster,c3,c3,2032,value_added,32219208.0
base,cluster,c3,c3,2032,indirect_va,15812697.6
base,cluster,c3,c3,2032,induced_va,7151809.473529412
base,cluster,c3,c3,2032,total_va,55183715.07352941
base,cluster,c3,c3,2032,household_income,33110229.044117644
base,cluster,c3,c3,2032,import_substitution,114878160.0
base,cluster,c3,c3,2032,exports,10951200.0
base,cluster,c3,c3,2032,imported_inputs,67603464.0
base,cluster,c3,c3,2032,forgone_exports,4082400.0
base,cluster,c3,c3,2032,net_fx,54143496.0
base,cluster,c3,c3,2032,jobs,9108.8
base,cluster,c3,c3,2032,investment,34339999.99999999
base,cluster,c3,c3,2032,capital_goods_imports,24037999.999999993
base,cluster,c3,c3,2032,tax_gross,1545144.0220588238
base,cluster,c3,c3,2032,customs_forgone,3676101.12
base,cluster,c3,c3,2032,tax_revenue,-2130957.0979411765
base,cluster,c3,c3,2032,net_fx,54143496.0
base,cluster,c4,c4,2028,volume,300.0
base,cluster,c4,c4,2028,gross_output,2400000.0
base,cluster,c4,c4,2028,value_added,1440000.0
base,cluster,c4,c4,2028,indirect_va,403200.0
base,cluster,c4,c4,2028,induced_va,274447.05882352946
base,cluster,c4,c4,2028,total_va,2117647.0588235296
base,cluster,c4,c4,2028,household_income,1270588.2352941178
base,cluster,c4,c4,2028,import_substitution,0.0
base,cluster,c4,c4,2028,exports,2400000.0
base,cluster,c4,c4,2028,imported_inputs,240000.0
base,cluster,c4,c4,2028,forgone_exports,0.0
base,cluster,c4,c4,2028,net_fx,2160000.0
base,cluster,c4,c4,2028,jobs,780.0
base,cluster,c4,c4,2028,investment,3000000.0
base,cluster,c4,c4,2028,capital_goods_imports,2100000.0
base,cluster,c4,c4,2028,tax_gross,59294.11764705883
base,cluster,c4,c4,2028,customs_forgone,0.0
base,cluster,c4,c4,2028,tax_revenue,59294.11764705883
base,cluster,c4,c4,2028,net_fx,2160000.0
base,cluster,c4,c4,2029,volume,1000.0
base,cluster,c4,c4,2029,gross_output,8000000.0
base,cluster,c4,c4,2029,value_added,4800000.0
base,cluster,c4,c4,2029,indirect_va,1344000.0
base,cluster,c4,c4,2029,induced_va,914823.5294117648
base,cluster,c4,c4,2029,total_va,7058823.529411765
base,cluster,c4,c4,2029,household_income,4235294.117647058
base,cluster,c4,c4,2029,import_substitution,0.0
base,cluster,c4,c4,2029,exports,8000000.0
base,cluster,c4,c4,2029,imported_inputs,800000.0
base,cluster,c4,c4,2029,forgone_exports,0.0
base,cluster,c4,c4,2029,net_fx,7200000.0
base,cluster,c4,c4,2029,jobs,1820.0
base,cluster,c4,c4,2029,investment,3999999.9999999995
base,cluster,c4,c4,2029,capital_goods_imports,2799999.9999999995
base,cluster,c4,c4,2029,tax_gross,197647.05882352943
base,cluster,c4,c4,2029,customs_forgone,0.0
base,cluster,c4,c4,2029,tax_revenue,197647.05882352943
base,cluster,c4,c4,2029,net_fx,7200000.0
base,cluster,c4,c4,2030,volume,1900.0
base,cluster,c4,c4,2030,gross_output,15200000.0
base,cluster,c4,c4,2030,value_added,9120000.0
base,cluster,c4,c4,2030,indirect_va,2553600.0
base,cluster,c4,c4,2030,induced_va,1738164.7058823532
base,cluster,c4,c4,2030,total_va,13411764.705882354
base,cluster,c4,c4,2030,household_income,8047058.823529412
base,cluster,c4,c4,2030,import_substitution,0.0
base,cluster,c4,c4,2030,exports,15200000.0
base,cluster,c4,c4,2030,imported_inputs,1520000.0
base,cluster,c4,c4,2030,forgone_exports,0.0
base,cluster,c4,c4,2030,net_fx,13680000.0
base,cluster,c4,c4,2030,jobs,3120.0
base,cluster,c4,c4,2030,investment,5000000.0
base,cluster,c4,c4,2030,capital_goods_imports,3500000.0
base,cluster,c4,c4,2030,tax_gross,375529.4117647059
base,cluster,c4,c4,2030,customs_forgone,0.0
base,cluster,c4,c4,2030,tax_revenue,375529.4117647059
base,cluster,c4,c4,2030,net_fx,13680000.0
base,cluster,c4,c4,2031,volume,2800.0
base,cluster,c4,c4,2031,gross_output,22400000.0
base,cluster,c4,c4,2031,value_added,13440000.0
base,cluster,c4,c4,2031,indirect_va,3763200.0
base,cluster,c4,c4,2031,induced_va,2561505.8823529417
base,cluster,c4,c4,2031,total_va,19764705.88235294
base,cluster,c4,c4,2031,household_income,11858823.529411765
base,cluster,c4,c4,2031,import_substitution,0.0
base,cluster,c4,c4,2031,exports,22400000.0
base,cluster,c4,c4,2031,imported_inputs,2240000.0
base,cluster,c4,c4,2031,forgone_exports,0.0
base,cluster,c4,c4,2031,net_fx,20160000.0
base,cluster,c4,c4,2031,jobs,4160.0
base,cluster,c4,c4,2031,investment,4000000.0000000014
base,cluster,c4,c4,2031,capital_goods_imports,2800000.000000001
base,cluster,c4,c4,2031,tax_gross,553411.7647058824
base,cluster,c4,c4,2031,customs_forgone,0.0
base,cluster,c4,c4,2031,tax_revenue,553411.7647058824
base,cluster,c4,c4,2031,net_fx,20160000.0
base,cluster,c4,c4,2032,volume,3600.0
base,cluster,c4,c4,2032,gross_output,28800000.0
base,cluster,c4,c4,2032,value_added,17280000.0
base,cluster,c4,c4,2032,indirect_va,4838400.0
base,cluster,c4,c4,2032,induced_va,3293364.7058823532
base,cluster,c4,c4,2032,total_va,25411764.70588235
base,cluster,c4,c4,2032,household_income,15247058.823529411
base,cluster,c4,c4,2032,import_substitution,0.0
base,cluster,c4,c4,2032,exports,28800000.0
base,cluster,c4,c4,2032,imported_inputs,2880000.0
base,cluster,c4,c4,2032,forgone_exports,0.0
base,cluster,c4,c4,2032,net_fx,25920000.0
base,cluster,c4,c4,2032,jobs,5200.0
base,cluster,c4,c4,2032,investment,3999999.999999999
base,cluster,c4,c4,2032,capital_goods_imports,2799999.999999999
base,cluster,c4,c4,2032,tax_gross,711529.4117647059
base,cluster,c4,c4,2032,customs_forgone,0.0
base,cluster,c4,c4,2032,tax_revenue,711529.4117647059
base,cluster,c4,c4,2032,net_fx,25920000.0
base,national,all,national,2028,volume,2892581.25
base,national,all,national,2028,gross_output,31333620.0
base,national,all,national,2028,value_added,7480044.0
base,national,all,national,2028,indirect_va,7065207.6
base,national,all,national,2028,induced_va,2165745.1830882356
base,national,all,national,2028,total_va,16710996.783088237
base,national,all,national,2028,household_income,10026598.06985294
base,national,all,national,2028,import_substitution,12357780.0
base,national,all,national,2028,exports,17879100.0
base,national,all,national,2028,imported_inputs,7228347.0
base,national,all,national,2028,forgone_exports,4060260.0
base,national,all,national,2028,net_fx,18948273.0
base,national,all,national,2028,jobs,2675.52
base,national,all,national,2028,investment,50280000.0
base,national,all,national,2028,capital_goods_imports,35196000.0
base,national,all,national,2028,tax_gross,467907.9099264706
base,national,all,national,2028,customs_forgone,395448.96
base,national,all,national,2028,tax_revenue,72458.94992647058
base,national,all,national,2028,net_fx,18948273.0
base,national,all,national,2028,va_share_gdp,0.0004432591348770354
base,macro,all,gdp,2028,gdp_usd,16875104000.0
base,climate,minigrid,minigrid,2028,mwh,5361.12
base,climate,minigrid,minigrid,2028,avoided_t,3709.8950399999994
base,climate,minigrid,minigrid,2028,investment,8580000.0
base,climate,minigrid,minigrid,2028,cost_saving,1528938.391364795
base,climate,irrigation,irrigation,2028,avoided_t,998.08125
base,climate,irrigation,irrigation,2028,investment,2100000.0
base,climate,irrigation,irrigation,2028,fuel_saving,375000.0
base,climate,waste,waste,2028,avoided_t,2345.9999999999995
base,climate,waste,waste,2028,investment,1380000.0
base,climate,ebus,ebus,2028,avoided_t,366.975
base,climate,ebus,ebus,2028,investment,5250000.0
base,climate,cooking,cooking,2028,avoided_t,6885.647999999999
base,climate,cooking,cooking,2028,stove_avoided_t,5821.199999999999
base,climate,cooking,cooking,2028,stove_creditable_t,2328.4799999999996
base,climate,cooking,cooking,2028,pellet_avoided_t,1064.4479999999999
base,climate,cooking,cooking,2028,stoves_in_use,7874.999999999999
base,climate,cooking,cooking,2028,household_saving,917279.9999999999
base,climate,cooking,cooking,2028,subsidy,236249.99999999997
base,climate,cooking,cooking,2028,investment,0.0
base,national,all,national,2029,volume,9641937.5
base,national,all,national,2029,gross_output,104445400.0
base,national,all,national,2029,value_added,24933480.0
base,national,all,national,2029,indirect_va,23550692.0
base,national,all,national,2029,induced_va,7219150.6102941185
base,national,all,national,2029,total_va,55703322.61029412
base,national,all,national,2029,household_income,33421993.566176467
base,national,all,national,2029,import_substitution,41192600.0
base,national,all,national,2029,exports,59597000.0
base,national,all,national,2029,imported_inputs,24094490.0
base,national,all,national,2029,forgone_exports,13534200.0
base,national,all,national,2029,net_fx,63160910.0
base,national,all,national,2029,jobs,6242.88
base,national,all,national,2029,investment,67040000.0
base,national,all,national,2029,capital_goods_imports,46928000.0
base,national,all,national,2029,tax_gross,1559693.0330882354
base,national,all,national,2029,customs_forgone,1318163.2000000002
base,national,all,national,2029,tax_revenue,241529.83308823538
base,national,all,national,2029,net_fx,63160910.0
base,national,all,national,2029,va_share_gdp,0.0013594491428160168
base,macro,all,gdp,2029,gdp_usd,18340870000.0
base,climate,minigrid,minigrid,2029,mwh,17870.4
base,climate,minigrid,minigrid,2029,avoided_t,12366.3168
base,climate,minigrid,minigrid,2029,investment,11439999.999999998
base,climate,minigrid,minigrid,2029,cost_saving,5096461.304549317
base,climate,irrigation,irrigation,2029,avoided_t,3326.9375
base,climate,irrigation,irrigation,2029,investment,2799999.9999999995
base,climate,irrigation,irrigation,2029,fuel_saving,1250000.0
base,climate,waste,waste,2029,avoided_t,7819.999999999999
base,climate,waste,waste,2029,investment,1839999.9999999998
base,climate,ebus,ebus,2029,avoided_t,1223.25
base,climate,ebus,ebus,2029,investment,7000000.0
base,climate,cooking,cooking,2029,avoided_t,28773.36
base,climate,cooking,cooking,2029,stove_avoided_t,25225.2
base,climate,cooking,cooking,2029,stove_creditable_t,10090.08
base,climate,cooking,cooking,2029,pellet_avoided_t,3548.16
base,climate,cooking,cooking,2029,stoves_in_use,34125.0
base,climate,cooking,cooking,2029,household_saving,3939600.0
base,climate,cooking,cooking,2029,subsidy,787500.0
base,climate,cooking,cooking,2029,investment,0.0
base,national,all,national,2030,volume,18319681.25
base,national,all,national,2030,gross_output,198446260.0
base,national,all,national,2030,value_added,47373612.0
base,national,all,national,2030,indirect_va,44746314.8
base,national,all,national,2030,induced_va,13716386.159558825
base,national,all,national,2030,total_va,105836312.95955883
base,national,all,national,2030,household_income,63501787.7757353
base,national,all,national,2030,import_substitution,78265940.0
base,national,all,national,2030,exports,113234300.0
base,national,all,national,2030,imported_inputs,45779531.0
base,national,all,national,2030,forgone_exports,25714980.0
base,national,all,national,2030,net_fx,120005729.0
base,national,all,national,2030,jobs,10702.08
base,national,all,national,2030,investment,83800000.0
base,national,all,national,2030,capital_goods_imports,58660000.0
base,national,all,national,2030,tax_gross,2963416.762867647
base,national,all,national,2030,customs_forgone,2504510.08
base,national,all,national,2030,tax_revenue,458906.68286764727
base,national,all,national,2030,net_fx,120005729.0
base,national,all,national,2030,va_share_gdp,0.002386436522983782
base,macro,all,gdp,2030,gdp_usd,19851193000.0
base,climate,minigrid,minigrid,2030,mwh,33953.76
base,climate,minigrid,minigrid,2030,avoided_t,23496.00192
base,climate,minigrid,minigrid,2030,investment,14300000.0
base,climate,minigrid,minigrid,2030,cost_saving,9683276.478643702
base,climate,irrigation,irrigation,2030,avoided_t,6321.18125
base,climate,irrigation,irrigation,2030,investment,3500000.0
base,climate,irrigation,irrigation,2030,fuel_saving,2375000.0
base,climate,waste,waste,2030,avoided_t,14857.999999999998
base,climate,waste,waste,2030,investment,2300000.0
base,climate,ebus,ebus,2030,avoided_t,2324.175
base,climate,ebus,ebus,2030,investment,8750000.0
base,climate,cooking,cooking,2030,avoided_t,68834.30399999999
base,climate,cooking,cooking,2030,stove_avoided_t,62092.79999999999
base,climate,cooking,cooking,2030,stove_creditable_t,24837.119999999995
base,climate,cooking,cooking,2030,pellet_avoided_t,6741.503999999999
base,climate,cooking,cooking,2030,stoves_in_use,84000.0
base,climate,cooking,cooking,2030,household_saving,9631439.999999998
base,climate,cooking,cooking,2030,subsidy,1496250.0
base,climate,cooking,cooking,2030,investment,0.0
base,national,all,national,2031,volume,26997425.0
base,national,all,national,2031,gross_output,292447120.0
base,national,all,national,2031,value_added,69813744.0
base,national,all,national,2031,indirect_va,65941937.599999994
base,national,all,national,2031,induced_va,20213621.708823532
base,national,all,national,2031,total_va,155969303.30882353
base,national,all,national,2031,household_income,93581581.9852941
base,national,all,national,2031,import_substitution,115339280.0
base,national,all,national,2031,exports,166871600.0
base,national,all,national,2031,imported_inputs,67464572.0
base,national,all,national,2031,forgone_exports,37895760.0
base,national,all,national,2031,net_fx,176850548.0
base,national,all,national,2031,jobs,14269.44
base,national,all,national,2031,investment,67040000.00000003
base,national,all,national,2031,capital_goods_imports,46928000.000000015
base,national,all,national,2031,tax_gross,4367140.492647059
base,national,all,national,2031,customs_forgone,3690856.96
base,national,all,national,2031,tax_revenue,676283.5326470593
base,national,all,national,2031,net_fx,176850548.0
base,national,all,national,2031,va_share_gdp,0.0031746479778858817
base,macro,all,gdp,2031,gdp_usd,21991019000.0
base,climate,minigrid,minigrid,2031,mwh,50037.12
base,climate,minigrid,minigrid,2031,avoided_t,34625.68704
base,climate,minigrid,minigrid,2031,investment,11440000.000000006
base,climate,minigrid,minigrid,2031,cost_saving,14270091.652738087
base,climate,irrigation,irrigation,2031,avoided_t,9315.425
base,climate,irrigation,irrigation,2031,investment,2800000.000000001
base,climate,irrigation,irrigation,2031,fuel_saving,3500000.0
base,climate,waste,waste,2031,avoided_t,21895.999999999996
base,climate,waste,waste,2031,investment,1840000.0000000005
base,climate,ebus,ebus,2031,avoided_t,3425.1
base,climate,ebus,ebus,2031,investment,7000000.000000003
base,climate,cooking,cooking,2031,avoided_t,120537.648
base,climate,cooking,cooking,2031,stove_avoided_t,110602.8
base,climate,cooking,cooking,2031,stove_creditable_t,44241.12
base,climate,cooking,cooking,2031,pellet_avoided_t,9934.848
base,climate,cooking,cooking,2031,stoves_in_use,149625.0
base,climate,cooking,cooking,2031,household_saving,17087280.0
base,climate,cooking,cooking,2031,subsidy,2205000.0
base,climate,cooking,cooking,2031,investment,0.0
base,national,all,national,2032,volume,34710975.0
base,national,all,national,2032,gross_output,376003440.0
base,national,all,national,2032,value_added,89760528.0
base,national,all,national,2032,indirect_va,84782491.2
base,national,all,national,2032,induced_va,25988942.197058827
base,national,all,national,2032,total_va,200531961.3970588
base,national,all,national,2032,household_income,120319176.83823529
base,national,all,national,2032,import_substitution,148293360.0
base,national,all,national,2032,exports,214549200.0
base,national,all,national,2032,imported_inputs,86740164.0
base,national,all,national,2032,forgone_exports,48723120.0
base,national,all,national,2032,net_fx,227379276.0
base,national,all,national,2032,jobs,17836.8
base,national,all,national,2032,investment,67039999.999999985
base,national,all,national,2032,capital_goods_imports,46927999.999999985
base,national,all,national,2032,tax_gross,5614894.919117647
base,national,all,national,2032,customs_forgone,4745387.52
base,national,all,national,2032,tax_revenue,869507.3991176471
base,national,all,national,2032,net_fx,227379276.0
base,national,all,national,2032,va_share_gdp,0.0036845010446667696
base,macro,all,gdp,2032,gdp_usd,24361650848.2
base,climate,minigrid,minigrid,2032,mwh,64333.44000000001
base,climate,minigrid,minigrid,2032,avoided_t,44518.74048
base,climate,minigrid,minigrid,2032,investment,11439999.999999998
base,climate,minigrid,minigrid,2032,cost_saving,18347260.696377542
base,climate,irrigation,irrigation,2032,avoided_t,11976.975
base,climate,irrigation,irrigation,2032,investment,2799999.999999999
base,climate,irrigation,irrigation,2032,fuel_saving,4500000.0
base,climate,waste,waste,2032,avoided_t,28151.999999999996
base,climate,waste,waste,2032,investment,1839999.9999999998
base,climate,ebus,ebus,2032,avoided_t,4403.7
base,climate,ebus,ebus,2032,investment,6999999.999999999
base,climate,cooking,cooking,2032,avoided_t,173826.576
base,climate,cooking,cooking,2032,stove_avoided_t,161053.2
base,climate,cooking,cooking,2032,stove_creditable_t,64421.28
base,climate,cooking,cooking,2032,pellet_avoided_t,12773.375999999998
base,climate,cooking,cooking,2032,stoves_in_use,217875.0
base,climate,cooking,cooking,2032,household_saving,24825360.0
base,climate,cooking,cooking,2032,subsidy,2835000.0
base,climate,cooking,cooking,2032,investment,0.0
base,climate,minigrid,minigrid,,cost_per_t,-412.12443340844356
base,climate,irrigation,irrigation,,cost_per_t,-237.40806098527472
base,climate,waste,waste,,cost_per_t,34.54694846251346
base,climate,ebus,ebus,,cost_per_t,278.33589311087593
base,climate,cooking,cooking,,cost_per_t,-129.75569244451424
high,line,c1,meat,2028,volume,6693.75
high,line,c1,meat,2028,gross_output,46856250.0
high,line,c1,meat,2028,value_added,9839812.5
high,line,c1,meat,2028,indirect_va,18851440.78125
high,line,c1,meat,2028,induced_va,12567008.75083556
high,line,c1,meat,2028,total_va,41258262.03208556
high,line,c1,meat,2028,household_income,30943696.52406417
high,line,c1,meat,2028,import_substitution,2342812.5
high,line,c1,meat,2028,exports,44513437.5
high,line,c1,meat,2028,imported_inputs,937125.0
high,line,c1,meat,2028,forgone_exports,4183593.75
high,line,c1,meat,2028,net_fx,41735531.25
high,line,c1,meat,2028,jobs,303.75
high,line,c1,meat,2028,investment,7875000.0
high,line,c1,meat,2028,capital_goods_imports,4725000.0
high,line,c1,meat,2028,tax_gross,2062913.1016042782
high,line,c1,meat,2028,customs_forgone,58570.3125
high,line,c1,meat,2028,tax_revenue,2004342.7891042782
high,line,c1,meat,2029,volume,16256.25
high,line,c1,meat,2029,gross_output,113793750.0
high,line,c1,meat,2029,value_added,23896687.5
high,line,c1,meat,2029,indirect_va,45782070.46875001
high,line,c1,meat,2029,induced_va,30519878.394886363
high,line,c1,meat,2029,total_va,100198636.36363636
high,line,c1,meat,2029,household_income,75148977.27272727
high,line,c1,meat,2029,import_substitution,5689687.5
high,line,c1,meat,2029,exports,108104062.5
high,line,c1,meat,2029,imported_inputs,2275875.0
high,line,c1,meat,2029,forgone_exports,10160156.25
high,line,c1,meat,2029,net_fx,101357718.75
high,line,c1,meat,2029,jobs,607.5
high,line,c1,meat,2029,investment,7875000.0
high,line,c1,meat,2029,capital_goods_imports,4725000.0
high,line,c1,meat,2029,tax_gross,5009931.818181818
high,line,c1,meat,2029,customs_forgone,142242.1875
high,line,c1,meat,2029,tax_revenue,4867689.630681818
high,line,c1,meat,2030,volume,25818.75
high,line,c1,meat,2030,gross_output,180731250.0
high,line,c1,meat,2030,value_added,37953562.5
high,line,c1,meat,2030,indirect_va,72712700.15625
high,line,c1,meat,2030,induced_va,48472748.03893717
high,line,c1,meat,2030,total_va,159139010.69518715
high,line,c1,meat,2030,household_income,119354258.02139036
high,line,c1,meat,2030,import_substitution,9036562.5
high,line,c1,meat,2030,exports,171694687.5
high,line,c1,meat,2030,imported_inputs,3614625.0
high,line,c1,meat,2030,forgone_exports,16136718.75
high,line,c1,meat,2030,net_fx,160979906.25
high,line,c1,meat,2030,jobs,911.25
high,line,c1,meat,2030,investment,7875000.0
high,line,c1,meat,2030,capital_goods_imports,4725000.0
high,line,c1,meat,2030,tax_gross,7956950.534759358
high,line,c1,meat,2030,customs_forgone,225914.0625
high,line,c1,meat,2030,tax_revenue,7731036.472259358
high,line,c1,meat,2031,volume,32703.75
high,line,c1,meat,2031,gross_output,228926250.0
high,line,c1,meat,2031,value_added,48074512.5
high,line,c1,meat,2031,indirect_va,92102753.53125001
high,line,c1,meat,2031,induced_va,61398814.18265374
high,line,c1,meat,2031,total_va,201576080.21390373
high,line,c1,meat,2031,household_income,151182060.1604278
high,line,c1,meat,2031,import_substitution,11446312.5
high,line,c1,meat,2031,exports,217479937.5
high,line,c1,meat,2031,imported_inputs,4578525.0
high,line,c1,meat,2031,forgone_exports,20439843.75
high,line,c1,meat,2031,net_fx,203907881.25
high,line,c1,meat,2031,jobs,1093.5
high,line,c1,meat,2031,investment,4725000.000000001
high,line,c1,meat,2031,capital_goods_imports,2835000.0000000005
high,line,c1,meat,2031,tax_gross,10078804.010695187
high,line,c1,meat,2031,customs_forgone,286157.8125
high,line,c1,meat,2031,tax_revenue,9792646.198195187
high,line,c1,meat,2032,volume,37102.5
high,line,c1,meat,2032,gross_output,259717500.0
high,line,c1,meat,2032,value_added,54540675.0
high,line,c1,meat,2032,indirect_va,104490843.18750001
high,line,c1,meat,2032,induced_va,69657134.21891712
high,line,c1,meat,2032,total_va,228688652.40641713
high,line,c1,meat,2032,household_income,171516489.30481285
high,line,c1,meat,2032,import_substitution,12985875.0
high,line,c1,meat,2032,exports,246731625.0
high,line,c1,meat,2032,imported_inputs,5194350.0
high,line,c1,meat,2032,forgone_exports,23189062.5
high,line,c1,meat,2032,net_fx,231334087.5
high,line,c1,meat,2032,jobs,1215.0
high,line,c1,meat,2032,investment,3149999.9999999995
high,line,c1,meat,2032,capital_goods_imports,1889999.9999999995
high,line,c1,meat,2032,tax_gross,11434432.620320857
high,line,c1,meat,2032,customs_forgone,324646.875
high,line,c1,meat,2032,tax_revenue,11109785.745320857
high,line,c1,tanning,2028,volume,743750.0
high,line,c1,tanning,2028,gross_output,5950000.0
high,line,c1,tanning,2028,value_added,2677500.0
high,line,c1,tanning,2028,indirect_va,1582700.0
high,line,c1,tanning,2028,induced_va,1866003.2085561496
high,line,c1,tanning,2028,total_va,6126203.208556149
high,line,c1,tanning,2028,household_income,4594652.406417112
high,line,c1,tanning,2028,import_substitution,595000.0
high,line,c1,tanning,2028,exports,5355000.0
high,line,c1,tanning,2028,imported_inputs,1190000.0
high,line,c1,tanning,2028,forgone_exports,59500.0
high,line,c1,tanning,2028,net_fx,4700500.0
high,line,c1,tanning,2028,jobs,562.5
high,line,c1,tanning,2028,investment,3750000.0
high,line,c1,tanning,2028,capital_goods_imports,2250000.0
high,line,c1,tanning,2028,tax_gross,306310.1604278075
high,line,c1,tanning,2028,customs_forgone,14875.0
high,line,c1,tanning,2028,tax_revenue,291435.1604278075
high,line,c1,tanning,2029,volume,1806250.0
high,line,c1,tanning,2029,gross_output,14450000.0
high,line,c1,tanning,2029,value_added,6502500.0
high,line,c1,tanning,2029,indirect_va,3843700.0
high,line,c1,tanning,2029,induced_va,4531722.077922078
high,line,c1,tanning,2029,total_va,14877922.077922078
high,line,c1,tanning,2029,household_income,11158441.558441559
high,line,c1,tanning,2029,import_substitution,1445000.0
high,line,c1,tanning,2029,exports,13005000.0
high,line,c1,tanning,2029,imported_inputs,2890000.0
high,line,c1,tanning,2029,forgone_exports,144500.0
high,line,c1,tanning,2029,net_fx,11415500.0
high,line,c1,tanning,2029,jobs,1125.0
high,line,c1,tanning,2029,investment,3750000.0
high,line,c1,tanning,2029,capital_goods_imports,2250000.0
high,line,c1,tanning,2029,tax_gross,743896.1038961039
high,line,c1,tanning,2029,customs_forgone,36125.0
high,line,c1,tanning,2029,tax_revenue,707771.1038961039
high,line,c1,tanning,2030,volume,2868750.0
high,line,c1,tanning,2030,gross_output,22950000.0
high,line,c1,tanning,2030,value_added,10327500.0
high,line,c1,tanning,2030,indirect_va,6104700.0
high,line,c1,tanning,2030,induced_va,7197440.947288006
high,line,c1,tanning,2030,total_va,23629640.947288007
high,line,c1,tanning,2030,household_income,17722230.710466005
high,line,c1,tanning,2030,import_substitution,2295000.0
high,line,c1,tanning,2030,exports,20655000.0
high,line,c1,tanning,2030,imported_inputs,4590000.0
high,line,c1,tanning,2030,forgone_exports,229500.0
high,line,c1,tanning,2030,net_fx,18130500.0
high,line,c1,tanning,2030,jobs,1687.5
high,line,c1,tanning,2030,investment,3750000.0
high,line,c1,tanning,2030,capital_goods_imports,2250000.0
high,line,c1,tanning,2030,tax_gross,1181482.0473644005
high,line,c1,tanning,2030,customs_forgone,57375.0
high,line,c1,tanning,2030,tax_revenue,1124107.0473644005
high,line,c1,tanning,2031,volume,3633750.0
high,line,c1,tanning,2031,gross_output,29070000.0
high,line,c1,tanning,2031,value_added,13081500.0
high,line,c1,tanning,2031,indirect_va,7732620.0
high,line,c1,tanning,2031,induced_va,9116758.533231474
high,line,c1,tanning,2031,total_va,29930878.533231474
high,line,c1,tanning,2031,household_income,22448158.899923608
high,line,c1,tanning,2031,import_substitution,2907000.0
high,line,c1,tanning,2031,exports,26163000.0
high,line,c1,tanning,2031,imported_inputs,5814000.0
high,line,c1,tanning,2031,forgone_exports,290700.0
high,line,c1,tanning,2031,net_fx,22965300.0
high,line,c1,tanning,2031,jobs,2025.0
high,line,c1,tanning,2031,investment,2250000.0000000005
high,line,c1,tanning,2031,capital_goods_imports,1350000.0000000002
high,line,c1,tanning,2031,tax_gross,1496543.9266615738
high,line,c1,tanning,2031,customs_forgone,72675.0
high,line,c1,tanning,2031,tax_revenue,1423868.9266615738
high,line,c1,tanning,2032,volume,4122500.0
high,line,c1,tanning,2032,gross_output,32980000.0
high,line,c1,tanning,2032,value_added,14841000.0
high,line,c1,tanning,2032,indirect_va,8772680.0
high,line,c1,tanning,2032,induced_va,10342989.2131398
high,line,c1,tanning,2032,total_va,33956669.2131398
high,line,c1,tanning,2032,household_income,25467501.90985485
high,line,c1,tanning,2032,import_substitution,3298000.0
high,line,c1,tanning,2032,exports,29682000.0
high,line,c1,tanning,2032,imported_inputs,6596000.0
high,line,c1,tanning,2032,forgone_exports,329800.0
high,line,c1,tanning,2032,net_fx,26054200.0
high,line,c1,tanning,2032,jobs,2250.0
high,line,c1,tanning,2032,investment,1499999.9999999995
high,line,c1,tanning,2032,capital_goods_imports,899999.9999999997
high,line,c1,tanning,2032,tax_gross,1697833.4606569903
high,line,c1,tanning,2032,customs_forgone,82450.0
high,line,c1,tanning,2032,tax_revenue,1615383.4606569903
high,line,c1,fish,2028,volume,15749.999999999998
high,line,c1,fish,2028,gross_output,78749999.99999999
high,line,c1,fish,2028,value_added,16537499.999999996
high,line,c1,fish,2028,indirect_va,49825124.999999985
high,line,c1,fish,2028,induced_va,29067384.43692984
high,line,c1,fish,2028,total_va,95430009.43692982
high,line,c1,fish,2028,household_income,71572507.07769737
high,line,c1,fish,2028,import_substitution,23624999.999999996
high,line,c1,fish,2028,exports,55124999.999999985
high,line,c1,fish,2028,imported_inputs,3937499.9999999995
high,line,c1,fish,2028,forgone_exports,0.0
high,line,c1,fish,2028,net_fx,74812499.99999999
high,line,c1,fish,2028,jobs,1500.0
high,line,c1,fish,2028,investment,15000000.0
high,line,c1,fish,2028,capital_goods_imports,9000000.0
high,line,c1,fish,2028,tax_gross,4771500.471846491
high,line,c1,fish,2028,customs_forgone,590624.9999999999
high,line,c1,fish,2028,tax_revenue,4180875.471846491
high,line,c1,fish,2029,volume,38250.0
high,line,c1,fish,2029,gross_output,191250000.0
high,line,c1,fish,2029,value_added,40162500.0
high,line,c1,fish,2029,indirect_va,121003875.0
high,line,c1,fish,2029,induced_va,70592219.34682964
high,line,c1,fish,2029,total_va,231758594.34682965
high,line,c1,fish,2029,household_income,173818945.76012224
high,line,c1,fish,2029,import_substitution,57375000.0
high,line,c1,fish,2029,exports,133875000.0
high,line,c1,fish,2029,imported_inputs,9562500.0
high,line,c1,fish,2029,forgone_exports,0.0
high,line,c1,fish,2029,net_fx,181687500.0
high,line,c1,fish,2029,jobs,3000.0
high,line,c1,fish,2029,investment,15000000.0
high,line,c1,fish,2029,capital_goods_imports,9000000.0
high,line,c1,fish,2029,tax_gross,11587929.717341483
high,line,c1,fish,2029,customs_forgone,1434375.0
high,line,c1,fish,2029,tax_revenue,10153554.717341483
high,line,c1,fish,2030,volume,60750.00000000001
high,line,c1,fish,2030,gross_output,303750000.00000006
high,line,c1,fish,2030,value_added,63787500.00000001
high,line,c1,fish,2030,indirect_va,192182625.00000006
high,line,c1,fish,2030,induced_va,112117054.25672945
high,line,c1,fish,2030,total_va,368087179.2567295
high,line,c1,fish,2030,household_income,276065384.4425471
high,line,c1,fish,2030,import_substitution,91125000.00000001
high,line,c1,fish,2030,exports,212625000.00000006
high,line,c1,fish,2030,imported_inputs,15187500.000000004
high,line,c1,fish,2030,forgone_exports,0.0
high,line,c1,fish,2030,net_fx,288562500.00000006
high,line,c1,fish,2030,jobs,4500.0
high,line,c1,fish,2030,investment,15000000.0
high,line,c1,fish,2030,capital_goods_imports,9000000.0
high,line,c1,fish,2030,tax_gross,18404358.962836474
high,line,c1,fish,2030,customs_forgone,2278125.0000000005
high,line,c1,fish,2030,tax_revenue,16126233.962836474
high,line,c1,fish,2031,volume,76950.0
high,line,c1,fish,2031,gross_output,384750000.0
high,line,c1,fish,2031,value_added,80797500.0
high,line,c1,fish,2031,indirect_va,243431325.0
high,line,c1,fish,2031,induced_va,142014935.39185727
high,line,c1,fish,2031,total_va,466243760.39185727
high,line,c1,fish,2031,household_income,349682820.293893
high,line,c1,fish,2031,import_substitution,115425000.0
high,line,c1,fish,2031,exports,269325000.0
high,line,c1,fish,2031,imported_inputs,19237500.0
high,line,c1,fish,2031,forgone_exports,0.0
high,line,c1,fish,2031,net_fx,365512500.0
high,line,c1,fish,2031,jobs,5400.0
high,line,c1,fish,2031,investment,9000000.000000002
high,line,c1,fish,2031,capital_goods_imports,5400000.000000001
high,line,c1,fish,2031,tax_gross,23312188.019592866
high,line,c1,fish,2031,customs_forgone,2885625.0
high,line,c1,fish,2031,tax_revenue,20426563.019592866
high,line,c1,fish,2032,volume,87300.0
high,line,c1,fish,2032,gross_output,436500000.0
high,line,c1,fish,2032,value_added,91665000.0
high,line,c1,fish,2032,indirect_va,276173550.0
high,line,c1,fish,2032,induced_va,161116359.45041117
high,line,c1,fish,2032,total_va,528954909.4504112
high,line,c1,fish,2032,household_income,396716182.0878084
high,line,c1,fish,2032,import_substitution,130950000.0
high,line,c1,fish,2032,exports,305550000.0
high,line,c1,fish,2032,imported_inputs,21825000.0
high,line,c1,fish,2032,forgone_exports,0.0
high,line,c1,fish,2032,net_fx,414675000.0
high,line,c1,fish,2032,jobs,6000.0
high,line,c1,fish,2032,investment,5999999.999999999
high,line,c1,fish,2032,capital_goods_imports,3599999.9999999995
high,line,c1,fish,2032,tax_gross,26447745.47252056
high,line,c1,fish,2032,customs_forgone,3273750.0
high,line,c1,fish,2032,tax_revenue,23173995.47252056
high,line,c2,sesame,2028,volume,5950.0
high,line,c2,sesame,2028,gross_output,12197500.0
high,line,c2,sesame,2028,value_added,2561475.0
high,line,c2,sesame,2028,indirect_va,4519173.75
high,line,c2,sesame,2028,induced_va,3101383.335561497
high,line,c2,sesame,2028,total_va,10182032.085561497
high,line,c2,sesame,2028,household_income,7636524.064171122
high,line,c2,sesame,2028,import_substitution,609875.0
high,line,c2,sesame,2028,exports,11587625.0
high,line,c2,sesame,2028,imported_inputs,121975.0
high,line,c2,sesame,2028,forgone_exports,4998000.0
high,line,c2,sesame,2028,net_fx,7077525.0
high,line,c2,sesame,2028,jobs,150.0
high,line,c2,sesame,2028,investment,8000000.0
high,line,c2,sesame,2028,capital_goods_imports,4800000.0
high,line,c2,sesame,2028,tax_gross,509101.60427807487
high,line,c2,sesame,2028,customs_forgone,15246.875
high,line,c2,sesame,2028,tax_revenue,493854.72927807487
high,line,c2,sesame,2029,volume,14450.0
high,line,c2,sesame,2029,gross_output,29622500.0
high,line,c2,sesame,2029,value_added,6220725.0
high,line,c2,sesame,2029,indirect_va,10975136.25
high,line,c2,sesame,2029,induced_va,7531930.957792208
high,line,c2,sesame,2029,total_va,24727792.207792208
high,line,c2,sesame,2029,household_income,18545844.155844156
high,line,c2,sesame,2029,import_substitution,1481125.0
high,line,c2,sesame,2029,exports,28141375.0
high,line,c2,sesame,2029,imported_inputs,296225.0
high,line,c2,sesame,2029,forgone_exports,12138000.0
high,line,c2,sesame,2029,net_fx,17188275.0
high,line,c2,sesame,2029,jobs,300.0
high,line,c2,sesame,2029,investment,8000000.0
high,line,c2,sesame,2029,capital_goods_imports,4800000.0
high,line,c2,sesame,2029,tax_gross,1236389.6103896105
high,line,c2,sesame,2029,customs_forgone,37028.125
high,line,c2,sesame,2029,tax_revenue,1199361.4853896105
high,line,c2,sesame,2030,volume,22950.0
high,line,c2,sesame,2030,gross_output,47047500.0
high,line,c2,sesame,2030,value_added,9879975.0
high,line,c2,sesame,2030,indirect_va,17431098.75
high,line,c2,sesame,2030,induced_va,11962478.580022918
high,line,c2,sesame,2030,total_va,39273552.330022916
high,line,c2,sesame,2030,household_income,29455164.247517187
high,line,c2,sesame,2030,import_substitution,2352375.0
high,line,c2,sesame,2030,exports,44695125.0
high,line,c2,sesame,2030,imported_inputs,470475.0
high,line,c2,sesame,2030,forgone_exports,19277999.999999996
high,line,c2,sesame,2030,net_fx,27299025.000000004
high,line,c2,sesame,2030,jobs,450.0
high,line,c2,sesame,2030,investment,8000000.0
high,line,c2,sesame,2030,capital_goods_imports,4800000.0
high,line,c2,sesame,2030,tax_gross,1963677.616501146
high,line,c2,sesame,2030,customs_forgone,58809.375
high,line,c2,sesame,2030,tax_revenue,1904868.241501146
high,line,c2,sesame,2031,volume,29070.0
high,line,c2,sesame,2031,gross_output,59593500.0
high,line,c2,sesame,2031,value_added,12514635.0
high,line,c2,sesame,2031,indirect_va,22079391.75
high,line,c2,sesame,2031,induced_va,15152472.86802903
high,line,c2,sesame,2031,total_va,49746499.61802903
high,line,c2,sesame,2031,household_income,37309874.71352177
high,line,c2,sesame,2031,import_substitution,2979675.0
high,line,c2,sesame,2031,exports,56613825.0
high,line,c2,sesame,2031,imported_inputs,595935.0
high,line,c2,sesame,2031,forgone_exports,24418800.0
high,line,c2,sesame,2031,net_fx,34578765.0
high,line,c2,sesame,2031,jobs,540.0
high,line,c2,sesame,2031,investment,4800000.000000001
high,line,c2,sesame,2031,capital_goods_imports,2880000.0000000005
high,line,c2,sesame,2031,tax_gross,2487324.9809014513
high,line,c2,sesame,2031,customs_forgone,74491.875
high,line,c2,sesame,2031,tax_revenue,2412833.1059014513
high,line,c2,sesame,2032,volume,32980.0
high,line,c2,sesame,2032,gross_output,67609000.0
high,line,c2,sesame,2032,value_added,14197890.0
high,line,c2,sesame,2032,indirect_va,25049134.5
high,line,c2,sesame,2032,induced_va,17190524.774255157
high,line,c2,sesame,2032,total_va,56437549.27425516
high,line,c2,sesame,2032,household_income,42328161.95569137
high,line,c2,sesame,2032,import_substitution,3380450.0
high,line,c2,sesame,2032,exports,64228550.0
high,line,c2,sesame,2032,imported_inputs,676090.0
high,line,c2,sesame,2032,forgone_exports,27703200.0
high,line,c2,sesame,2032,net_fx,39229710.0
high,line,c2,sesame,2032,jobs,600.0
high,line,c2,sesame,2032,investment,3199999.999999999
high,line,c2,sesame,2032,capital_goods_imports,1919999.9999999993
high,line,c2,sesame,2032,tax_gross,2821877.463712758
high,line,c2,sesame,2032,customs_forgone,84511.25
high,line,c2,sesame,2032,tax_revenue,2737366.213712758
high,line,c2,sesame_oil,2028,volume,1487.5
high,line,c2,sesame_oil,2028,gross_output,2975000.0
high,line,c2,sesame_oil,2028,value_added,624750.0
high,line,c2,sesame_oil,2028,indirect_va,1088106.25
high,line,c2,sesame_oil,2028,induced_va,750245.3542780748
high,line,c2,sesame_oil,2028,total_va,2463101.6042780746
high,line,c2,sesame_oil,2028,household_income,1847326.203208556
high,line,c2,sesame_oil,2028,import_substitution,2082499.9999999998
high,line,c2,sesame_oil,2028,exports,892500.0000000002
high,line,c2,sesame_oil,2028,imported_inputs,59500.0
high,line,c2,sesame_oil,2028,forgone_exports,1249500.0
high,line,c2,sesame_oil,2028,net_fx,1666000.0
high,line,c2,sesame_oil,2028,jobs,30.0
high,line,c2,sesame_oil,2028,investment,1250000.0
high,line,c2,sesame_oil,2028,capital_goods_imports,750000.0
high,line,c2,sesame_oil,2028,tax_gross,123155.08021390374
high,line,c2,sesame_oil,2028,customs_forgone,52062.5
high,line,c2,sesame_oil,2028,tax_revenue,71092.58021390374
high,line,c2,sesame_oil,2029,volume,3612.5
high,line,c2,sesame_oil,2029,gross_output,7225000.0
high,line,c2,sesame_oil,2029,value_added,1517250.0
high,line,c2,sesame_oil,2029,indirect_va,2642543.75
high,line,c2,sesame_oil,2029,induced_va,1822024.4318181816
high,line,c2,sesame_oil,2029,total_va,5981818.181818182
high,line,c2,sesame_oil,2029,household_income,4486363.636363637
high,line,c2,sesame_oil,2029,import_substitution,5057500.0
high,line,c2,sesame_oil,2029,exports,2167500.0
high,line,c2,sesame_oil,2029,imported_inputs,144500.0
high,line,c2,sesame_oil,2029,forgone_exports,3034500.0
high,line,c2,sesame_oil,2029,net_fx,4046000.0
high,line,c2,sesame_oil,2029,jobs,60.0
high,line,c2,sesame_oil,2029,investment,1250000.0
high,line,c2,sesame_oil,2029,capital_goods_imports,750000.0
high,line,c2,sesame_oil,2029,tax_gross,299090.9090909091
high,line,c2,sesame_oil,2029,customs_forgone,126437.5
high,line,c2,sesame_oil,2029,tax_revenue,172653.40909090912
high,line,c2,sesame_oil,2030,volume,5737.5
high,line,c2,sesame_oil,2030,gross_output,11475000.0
high,line,c2,sesame_oil,2030,value_added,2409750.0
high,line,c2,sesame_oil,2030,indirect_va,4196981.25
high,line,c2,sesame_oil,2030,induced_va,2893803.5093582887
high,line,c2,sesame_oil,2030,total_va,9500534.759358289
high,line,c2,sesame_oil,2030,household_income,7125401.069518717
high,line,c2,sesame_oil,2030,import_substitution,8032499.999999999
high,line,c2,sesame_oil,2030,exports,3442500.000000001
high,line,c2,sesame_oil,2030,imported_inputs,229500.0
high,line,c2,sesame_oil,2030,forgone_exports,4819499.999999999
high,line,c2,sesame_oil,2030,net_fx,6426000.000000001
high,line,c2,sesame_oil,2030,jobs,90.0
high,line,c2,sesame_oil,2030,investment,1250000.0
high,line,c2,sesame_oil,2030,capital_goods_imports,750000.0
high,line,c2,sesame_oil,2030,tax_gross,475026.73796791444
high,line,c2,sesame_oil,2030,customs_forgone,200812.5
high,line,c2,sesame_oil,2030,tax_revenue,274214.23796791444
high,line,c2,sesame_oil,2031,volume,7267.5
high,line,c2,sesame_oil,2031,gross_output,14535000.0
high,line,c2,sesame_oil,2031,value_added,3052350.0
high,line,c2,sesame_oil,2031,indirect_va,5316176.25
high,line,c2,sesame_oil,2031,induced_va,3665484.445187166
high,line,c2,sesame_oil,2031,total_va,12034010.695187166
high,line,c2,sesame_oil,2031,household_income,9025508.021390375
high,line,c2,sesame_oil,2031,import_substitution,10174500.0
high,line,c2,sesame_oil,2031,exports,4360500.0
high,line,c2,sesame_oil,2031,imported_inputs,290700.0
high,line,c2,sesame_oil,2031,forgone_exports,6104700.0
high,line,c2,sesame_oil,2031,net_fx,8139600.0
high,line,c2,sesame_oil,2031,jobs,108.0
high,line,c2,sesame_oil,2031,investment,750000.0000000001
high,line,c2,sesame_oil,2031,capital_goods_imports,450000.00000000006
high,line,c2,sesame_oil,2031,tax_gross,601700.5347593584
high,line,c2,sesame_oil,2031,customs_forgone,254362.5
high,line,c2,sesame_oil,2031,tax_revenue,347338.0347593584
high,line,c2,sesame_oil,2032,volume,8245.0
high,line,c2,sesame_oil,2032,gross_output,16490000.0
high,line,c2,sesame_oil,2032,value_added,3462900.0
high,line,c2,sesame_oil,2032,indirect_va,6031217.5
high,line,c2,sesame_oil,2032,induced_va,4158502.8208556147
high,line,c2,sesame_oil,2032,total_va,13652620.320855614
high,line,c2,sesame_oil,2032,household_income,10239465.24064171
high,line,c2,sesame_oil,2032,import_substitution,11543000.0
high,line,c2,sesame_oil,2032,exports,4947000.0
high,line,c2,sesame_oil,2032,imported_inputs,329800.0
high,line,c2,sesame_oil,2032,forgone_exports,6925800.0
high,line,c2,sesame_oil,2032,net_fx,9234400.0
high,line,c2,sesame_oil,2032,jobs,120.0
high,line,c2,sesame_oil,2032,investment,499999.9999999999
high,line,c2,sesame_oil,2032,capital_goods_imports,299999.99999999994
high,line,c2,sesame_oil,2032,tax_gross,682631.0160427807
high,line,c2,sesame_oil,2032,customs_forgone,288575.0
high,line,c2,sesame_oil,2032,tax_revenue,394056.0160427807
high,line,c2,fruit,2028,volume,7874.999999999999
high,line,c2,fruit,2028,gross_output,7874999.999999999
high,line,c2,fruit,2028,value_added,1653749.9999999998
high,line,c2,fruit,2028,indirect_va,4982512.499999999
high,line,c2,fruit,2028,induced_va,2906738.4436929845
high,line,c2,fruit,2028,total_va,9543000.943692984
high,line,c2,fruit,2028,household_income,7157250.7077697385
high,line,c2,fruit,2028,import_substitution,1181249.9999999998
high,line,c2,fruit,2028,exports,5512500.0
high,line,c2,fruit,2028,imported_inputs,393750.0
high,line,c2,fruit,2028,forgone_exports,0.0
high,line,c2,fruit,2028,net_fx,6300000.0
high,line,c2,fruit,2028,jobs,375.0
high,line,c2,fruit,2028,investment,2250000.0
high,line,c2,fruit,2028,capital_goods_imports,1350000.0
high,line,c2,fruit,2028,tax_gross,477150.0471846492
high,line,c2,fruit,2028,customs_forgone,29531.249999999996
high,line,c2,fruit,2028,tax_revenue,447618.7971846492
high,line,c2,fruit,2029,volume,19125.0
high,line,c2,fruit,2029,gross_output,19125000.0
high,line,c2,fruit,2029,value_added,4016250.0
high,line,c2,fruit,2029,indirect_va,12100387.5
high,line,c2,fruit,2029,induced_va,7059221.934682963
high,line,c2,fruit,2029,total_va,23175859.434682965
high,line,c2,fruit,2029,household_income,17381894.576012224
high,line,c2,fruit,2029,import_substitution,2868750.0
high,line,c2,fruit,2029,exports,13387500.0
high,line,c2,fruit,2029,imported_inputs,956250.0
high,line,c2,fruit,2029,forgone_exports,0.0
high,line,c2,fruit,2029,net_fx,15300000.0
high,line,c2,fruit,2029,jobs,750.0
high,line,c2,fruit,2029,investment,2250000.0
high,line,c2,fruit,2029,capital_goods_imports,1350000.0
high,line,c2,fruit,2029,tax_gross,1158792.9717341482
high,line,c2,fruit,2029,customs_forgone,71718.75
high,line,c2,fruit,2029,tax_revenue,1087074.2217341482
high,line,c2,fruit,2030,volume,30375.000000000004
high,line,c2,fruit,2030,gross_output,30375000.000000004
high,line,c2,fruit,2030,value_added,6378750.000000001
high,line,c2,fruit,2030,indirect_va,19218262.500000004
high,line,c2,fruit,2030,induced_va,11211705.425672945
high,line,c2,fruit,2030,total_va,36808717.92567295
high,line,c2,fruit,2030,household_income,27606538.44425471
high,line,c2,fruit,2030,import_substitution,4556250.0
high,line,c2,fruit,2030,exports,21262500.000000004
high,line,c2,fruit,2030,imported_inputs,1518750.0000000002
high,line,c2,fruit,2030,forgone_exports,0.0
high,line,c2,fruit,2030,net_fx,24300000.000000004
high,line,c2,fruit,2030,jobs,1125.0
high,line,c2,fruit,2030,investment,2250000.0
high,line,c2,fruit,2030,capital_goods_imports,1350000.0
high,line,c2,fruit,2030,tax_gross,1840435.8962836475
high,line,c2,fruit,2030,customs_forgone,113906.25
high,line,c2,fruit,2030,tax_revenue,1726529.6462836475
high,line,c2,fruit,2031,volume,38475.0
high,line,c2,fruit,2031,gross_output,38475000.0
high,line,c2,fruit,2031,value_added,8079750.0
high,line,c2,fruit,2031,indirect_va,24343132.5
high,line,c2,fruit,2031,induced_va,14201493.539185727
high,line,c2,fruit,2031,total_va,46624376.039185725
high,line,c2,fruit,2031,household_income,34968282.02938929
high,line,c2,fruit,2031,import_substitution,5771250.0
high,line,c2,fruit,2031,exports,26932500.0
high,line,c2,fruit,2031,imported_inputs,1923750.0
high,line,c2,fruit,2031,forgone_exports,0.0
high,line,c2,fruit,2031,net_fx,30780000.0
high,line,c2,fruit,2031,jobs,1350.0
high,line,c2,fruit,2031,investment,1350000.0000000002
high,line,c2,fruit,2031,capital_goods_imports,810000.0000000001
high,line,c2,fruit,2031,tax_gross,2331218.8019592864
high,line,c2,fruit,2031,customs_forgone,144281.25
high,line,c2,fruit,2031,tax_revenue,2186937.5519592864
high,line,c2,fruit,2032,volume,43650.0
high,line,c2,fruit,2032,gross_output,43650000.0
high,line,c2,fruit,2032,value_added,9166500.0
high,line,c2,fruit,2032,indirect_va,27617355.0
high,line,c2,fruit,2032,induced_va,16111635.945041118
high,line,c2,fruit,2032,total_va,52895490.94504112
high,line,c2,fruit,2032,household_income,39671618.20878084
high,line,c2,fruit,2032,import_substitution,6547500.0
high,line,c2,fruit,2032,exports,30555000.0
high,line,c2,fruit,2032,imported_inputs,2182500.0
high,line,c2,fruit,2032,forgone_exports,0.0
high,line,c2,fruit,2032,net_fx,34920000.0
high,line,c2,fruit,2032,jobs,1500.0
high,line,c2,fruit,2032,investment,899999.9999999999
high,line,c2,fruit,2032,capital_goods_imports,539999.9999999999
high,line,c2,fruit,2032,tax_gross,2644774.547252056
high,line,c2,fruit,2032,customs_forgone,163687.5
high,line,c2,fruit,2032,tax_revenue,2481087.047252056
high,line,c3,flour,2028,volume,44100.0
high,line,c3,flour,2028,gross_output,19845000.0
high,line,c3,flour,2028,value_added,4167450.0
high,line,c3,flour,2028,indirect_va,1847569.4999999998
high,line,c3,flour,2028,induced_va,2634628.817080843
high,line,c3,flour,2028,total_va,8649648.317080842
high,line,c3,flour,2028,household_income,6487236.237810632
high,line,c3,flour,2028,import_substitution,19845000.0
high,line,c3,flour,2028,exports,0.0
high,line,c3,flour,2028,imported_inputs,12899250.0
high,line,c3,flour,2028,forgone_exports,0.0
high,line,c3,flour,2028,net_fx,6945750.0
high,line,c3,flour,2028,jobs,175.0
high,line,c3,flour,2028,investment,17500000.0
high,line,c3,flour,2028,capital_goods_imports,10500000.0
high,line,c3,flour,2028,tax_gross,432482.41585404216
high,line,c3,flour,2028,customs_forgone,496125.0
high,line,c3,flour,2028,tax_revenue,-63642.58414595784
high,line,c3,flour,2029,volume,107100.0
high,line,c3,flour,2029,gross_output,48195000.0
high,line,c3,flour,2029,value_added,10120950.0
high,line,c3,flour,2029,indirect_va,4486954.5
high,line,c3,flour,2029,induced_va,6398384.270053476
high,line,c3,flour,2029,total_va,21006288.770053476
high,line,c3,flour,2029,household_income,15754716.577540107
high,line,c3,flour,2029,import_substitution,48195000.0
high,line,c3,flour,2029,exports,0.0
high,line,c3,flour,2029,imported_inputs,31326750.0
high,line,c3,flour,2029,forgone_exports,0.0
high,line,c3,flour,2029,net_fx,16868250.0
high,line,c3,flour,2029,jobs,350.0
high,line,c3,flour,2029,investment,17500000.0
high,line,c3,flour,2029,capital_goods_imports,10500000.0
high,line,c3,flour,2029,tax_gross,1050314.4385026738
high,line,c3,flour,2029,customs_forgone,1204875.0
high,line,c3,flour,2029,tax_revenue,-154560.56149732624
high,line,c3,flour,2030,volume,170100.0
high,line,c3,flour,2030,gross_output,76545000.0
high,line,c3,flour,2030,value_added,16074450.0
high,line,c3,flour,2030,indirect_va,7126339.499999999
high,line,c3,flour,2030,induced_va,10162139.723026108
high,line,c3,flour,2030,total_va,33362929.223026108
high,line,c3,flour,2030,household_income,25022196.91726958
high,line,c3,flour,2030,import_substitution,76545000.0
high,line,c3,flour,2030,exports,0.0
high,line,c3,flour,2030,imported_inputs,49754250.0
high,line,c3,flour,2030,forgone_exports,0.0
high,line,c3,flour,2030,net_fx,26790750.0
high,line,c3,flour,2030,jobs,525.0
high,line,c3,flour,2030,investment,17500000.0
high,line,c3,flour,2030,capital_goods_imports,10500000.0
high,line,c3,flour,2030,tax_gross,1668146.4611513056
high,line,c3,flour,2030,customs_forgone,1913625.0
high,line,c3,flour,2030,tax_revenue,-245478.5388486944
high,line,c3,flour,2031,volume,215460.0
high,line,c3,flour,2031,gross_output,96957000.0
high,line,c3,flour,2031,value_added,20360970.0
high,line,c3,flour,2031,indirect_va,9026696.7
high,line,c3,flour,2031,induced_va,12872043.649166403
high,line,c3,flour,2031,total_va,42259710.3491664
high,line,c3,flour,2031,household_income,31694782.761874802
high,line,c3,flour,2031,import_substitution,96957000.0
high,line,c3,flour,2031,exports,0.0
high,line,c3,flour,2031,imported_inputs,63022050.0
high,line,c3,flour,2031,forgone_exports,0.0
high,line,c3,flour,2031,net_fx,33934950.0
high,line,c3,flour,2031,jobs,630.0
high,line,c3,flour,2031,investment,10500000.000000002
high,line,c3,flour,2031,capital_goods_imports,6300000.000000001
high,line,c3,flour,2031,tax_gross,2112985.51745832
high,line,c3,flour,2031,customs_forgone,2423925.0
high,line,c3,flour,2031,tax_revenue,-310939.48254167987
high,line,c3,flour,2032,volume,244440.0
high,line,c3,flour,2032,gross_output,109998000.0
high,line,c3,flour,2032,value_added,23099580.0
high,line,c3,flour,2032,indirect_va,10240813.799999999
high,line,c3,flour,2032,induced_va,14603371.157533813
high,line,c3,flour,2032,total_va,47943764.95753381
high,line,c3,flour,2032,household_income,35957823.718150355
high,line,c3,flour,2032,import_substitution,109998000.0
high,line,c3,flour,2032,exports,0.0
high,line,c3,flour,2032,imported_inputs,71498700.0
high,line,c3,flour,2032,forgone_exports,0.0
high,line,c3,flour,2032,net_fx,38499300.0
high,line,c3,flour,2032,jobs,700.0
high,line,c3,flour,2032,investment,6999999.999999998
high,line,c3,flour,2032,capital_goods_imports,4199999.999999999
high,line,c3,flour,2032,tax_gross,2397188.2478766902
high,line,c3,flour,2032,customs_forgone,2749950.0
high,line,c3,flour,2032,tax_revenue,-352761.75212330977
high,line,c3,dairy,2028,volume,15749999.999999998
high,line,c3,dairy,2028,gross_output,18899999.999999996
high,line,c3,dairy,2028,value_added,3968999.999999999
high,line,c3,dairy,2028,indirect_va,10629359.999999998
high,line,c3,dairy,2028,induced_va,6394203.699276499
high,line,c3,dairy,2028,total_va,20992563.699276496
high,line,c3,dairy,2028,household_income,15744422.774457373
high,line,c3,dairy,2028,import_substitution,10205999.999999998
high,line,c3,dairy,2028,exports,1890000.0
high,line,c3,dairy,2028,imported_inputs,944999.9999999999
high,line,c3,dairy,2028,forgone_exports,0.0
high,line,c3,dairy,2028,net_fx,11150999.999999998
high,line,c3,dairy,2028,jobs,90.0
high,line,c3,dairy,2028,investment,5400000.0
high,line,c3,dairy,2028,capital_goods_imports,3240000.0
high,line,c3,dairy,2028,tax_gross,1049628.184963825
high,line,c3,dairy,2028,customs_forgone,255149.99999999997
high,line,c3,dairy,2028,tax_revenue,794478.1849638249
high,line,c3,dairy,2029,volume,38250000.0
high,line,c3,dairy,2029,gross_output,45900000.0
high,line,c3,dairy,2029,value_added,9639000.0
high,line,c3,dairy,2029,indirect_va,25814160.0
high,line,c3,dairy,2029,induced_va,15528780.412528647
high,line,c3,dairy,2029,total_va,50981940.41252865
high,line,c3,dairy,2029,household_income,38236455.30939649
high,line,c3,dairy,2029,import_substitution,24786000.0
high,line,c3,dairy,2029,exports,4590000.0
high,line,c3,dairy,2029,imported_inputs,2295000.0
high,line,c3,dairy,2029,forgone_exports,0.0
high,line,c3,dairy,2029,net_fx,27081000.0
high,line,c3,dairy,2029,jobs,180.0
high,line,c3,dairy,2029,investment,5400000.0
high,line,c3,dairy,2029,capital_goods_imports,3240000.0
high,line,c3,dairy,2029,tax_gross,2549097.0206264327
high,line,c3,dairy,2029,customs_forgone,619650.0
high,line,c3,dairy,2029,tax_revenue,1929447.0206264327
high,line,c3,dairy,2030,volume,60750000.00000001
high,line,c3,dairy,2030,gross_output,72900000.0
high,line,c3,dairy,2030,value_added,15309000.0
high,line,c3,dairy,2030,indirect_va,40998960.0
high,line,c3,dairy,2030,induced_va,24663357.12578079
high,line,c3,dairy,2030,total_va,80971317.12578079
high,line,c3,dairy,2030,household_income,60728487.84433559
high,line,c3,dairy,2030,import_substitution,39366000.0
high,line,c3,dairy,2030,exports,7290000.0
high,line,c3,dairy,2030,imported_inputs,3645000.0
high,line,c3,dairy,2030,forgone_exports,0.0
high,line,c3,dairy,2030,net_fx,43011000.0
high,line,c3,dairy,2030,jobs,270.0
high,line,c3,dairy,2030,investment,5400000.0
high,line,c3,dairy,2030,capital_goods_imports,3240000.0
high,line,c3,dairy,2030,tax_gross,4048565.85628904
high,line,c3,dairy,2030,customs_forgone,984150.0
high,line,c3,dairy,2030,tax_revenue,3064415.85628904
high,line,c3,dairy,2031,volume,76950000.0
high,line,c3,dairy,2031,gross_output,92340000.0
high,line,c3,dairy,2031,value_added,19391400.0
high,line,c3,dairy,2031,indirect_va,51932016.0
high,line,c3,dairy,2031,induced_va,31240252.35932234
high,line,c3,dairy,2031,total_va,102563668.35932234
high,line,c3,dairy,2031,household_income,76922751.26949176
high,line,c3,dairy,2031,import_substitution,49863600.0
high,line,c3,dairy,2031,exports,9234000.0
high,line,c3,dairy,2031,imported_inputs,4617000.0
high,line,c3,dairy,2031,forgone_exports,0.0
high,line,c3,dairy,2031,net_fx,54480600.0
high,line,c3,dairy,2031,jobs,324.0
high,line,c3,dairy,2031,investment,3240000.0000000005
high,line,c3,dairy,2031,capital_goods_imports,1944000.0000000002
high,line,c3,dairy,2031,tax_gross,5128183.417966117
high,line,c3,dairy,2031,customs_forgone,1246590.0
high,line,c3,dairy,2031,tax_revenue,3881593.417966117
high,line,c3,dairy,2032,volume,87300000.0
high,line,c3,dairy,2032,gross_output,104760000.0
high,line,c3,dairy,2032,value_added,21999600.0
high,line,c3,dairy,2032,indirect_va,58917024.0
high,line,c3,dairy,2032,induced_va,35442157.64741833
high,line,c3,dairy,2032,total_va,116358781.64741832
high,line,c3,dairy,2032,household_income,87269086.23556374
high,line,c3,dairy,2032,import_substitution,56570400.0
high,line,c3,dairy,2032,exports,10476000.0
high,line,c3,dairy,2032,imported_inputs,5238000.0
high,line,c3,dairy,2032,forgone_exports,0.0
high,line,c3,dairy,2032,net_fx,61808400.0
high,line,c3,dairy,2032,jobs,360.0
high,line,c3,dairy,2032,investment,2159999.9999999995
high,line,c3,dairy,2032,capital_goods_imports,1295999.9999999998
high,line,c3,dairy,2032,tax_gross,5817939.082370916
high,line,c3,dairy,2032,customs_forgone,1414260.0
high,line,c3,dairy,2032,tax_revenue,4403679.082370916
high,line,c3,soap,2028,volume,4462.5
high,line,c3,soap,2028,gross_output,5131875.0
high,line,c3,soap,2028,value_added,1796156.25
high,line,c3,soap,2028,indirect_va,682539.375
high,line,c3,soap,2028,induced_va,1085689.401737968
high,line,c3,soap,2028,total_va,3564385.026737968
high,line,c3,soap,2028,household_income,2673288.770053476
high,line,c3,soap,2028,import_substitution,5131875.0
high,line,c3,soap,2028,exports,0.0
high,line,c3,soap,2028,imported_inputs,2309343.75
high,line,c3,soap,2028,forgone_exports,0.0
high,line,c3,soap,2028,net_fx,2822531.25
high,line,c3,soap,2028,jobs,75.0
high,line,c3,soap,2028,investment,1500000.0
high,line,c3,soap,2028,capital_goods_imports,900000.0
high,line,c3,soap,2028,tax_gross,178219.25133689842
high,line,c3,soap,2028,customs_forgone,128296.875
high,line,c3,soap,2028,tax_revenue,49922.37633689842
high,line,c3,soap,2029,volume,10837.5
high,line,c3,soap,2029,gross_output,12463125.0
high,line,c3,soap,2029,value_added,4362093.75
high,line,c3,soap,2029,indirect_va,1657595.625
high,line,c3,soap,2029,induced_va,2636674.2613636362
high,line,c3,soap,2029,total_va,8656363.636363637
high,line,c3,soap,2029,household_income,6492272.7272727275
high,line,c3,soap,2029,import_substitution,12463125.0
high,line,c3,soap,2029,exports,0.0
high,line,c3,soap,2029,imported_inputs,5608406.25
high,line,c3,soap,2029,forgone_exports,0.0
high,line,c3,soap,2029,net_fx,6854718.75
high,line,c3,soap,2029,jobs,150.0
high,line,c3,soap,2029,investment,1500000.0
high,line,c3,soap,2029,capital_goods_imports,900000.0
high,line,c3,soap,2029,tax_gross,432818.1818181819
high,line,c3,soap,2029,customs_forgone,311578.125
high,line,c3,soap,2029,tax_revenue,121240.05681818188
high,line,c3,soap,2030,volume,17212.5
high,line,c3,soap,2030,gross_output,19794375.0
high,line,c3,soap,2030,value_added,6928031.25
high,line,c3,soap,2030,indirect_va,2632651.875
high,line,c3,soap,2030,induced_va,4187659.1209893045
high,line,c3,soap,2030,total_va,13748342.245989304
high,line,c3,soap,2030,household_income,10311256.684491977
high,line,c3,soap,2030,import_substitution,19794375.0
high,line,c3,soap,2030,exports,0.0
high,line,c3,soap,2030,imported_inputs,8907468.75
high,line,c3,soap,2030,forgone_exports,0.0
high,line,c3,soap,2030,net_fx,10886906.25
high,line,c3,soap,2030,jobs,225.0
high,line,c3,soap,2030,investment,1500000.0
high,line,c3,soap,2030,capital_goods_imports,900000.0
high,line,c3,soap,2030,tax_gross,687417.1122994652
high,line,c3,soap,2030,customs_forgone,494859.375
high,line,c3,soap,2030,tax_revenue,192557.73729946523
high,line,c3,soap,2031,volume,21802.5
high,line,c3,soap,2031,gross_output,25072875.0
high,line,c3,soap,2031,value_added,8775506.25
high,line,c3,soap,2031,indirect_va,3334692.375
high,line,c3,soap,2031,induced_va,5304368.219919786
high,line,c3,soap,2031,total_va,17414566.844919786
high,line,c3,soap,2031,household_income,13060925.13368984
high,line,c3,soap,2031,import_substitution,25072875.0
high,line,c3,soap,2031,exports,0.0
high,line,c3,soap,2031,imported_inputs,11282793.75
high,line,c3,soap,2031,forgone_exports,0.0
high,line,c3,soap,2031,net_fx,13790081.25
high,line,c3,soap,2031,jobs,270.0
high,line,c3,soap,2031,investment,900000.0000000002
high,line,c3,soap,2031,capital_goods_imports,540000.0000000001
high,line,c3,soap,2031,tax_gross,870728.3422459894
high,line,c3,soap,2031,customs_forgone,626821.875
high,line,c3,soap,2031,tax_revenue,243906.46724598936
high,line,c3,soap,2032,volume,24735.0
high,line,c3,soap,2032,gross_output,28445250.0
high,line,c3,soap,2032,value_added,9955837.5
high,line,c3,soap,2032,indirect_va,3783218.2499999995
high,line,c3,soap,2032,induced_va,6017821.255347594
high,line,c3,soap,2032,total_va,19756877.005347595
high,line,c3,soap,2032,household_income,14817657.754010696
high,line,c3,soap,2032,import_substitution,28445250.0
high,line,c3,soap,2032,exports,0.0
high,line,c3,soap,2032,imported_inputs,12800362.5
high,line,c3,soap,2032,forgone_exports,0.0
high,line,c3,soap,2032,net_fx,15644887.5
high,line,c3,soap,2032,jobs,300.0
high,line,c3,soap,2032,investment,599999.9999999999
high,line,c3,soap,2032,capital_goods_imports,359999.99999999994
high,line,c3,soap,2032,tax_gross,987843.8502673798
high,line,c3,soap,2032,customs_forgone,711131.25
high,line,c3,soap,2032,tax_revenue,276712.6002673798
high,line,c3,diapers,2028,volume,1487.5
high,line,c3,diapers,2028,gross_output,4760000.0
high,line,c3,diapers,2028,value_added,1666000.0
high,line,c3,diapers,2028,indirect_va,474809.99999999994
high,line,c3,diapers,2028,induced_va,937692.6737967915
high,line,c3,diapers,2028,total_va,3078502.6737967916
high,line,c3,diapers,2028,household_income,2308877.0053475937
high,line,c3,diapers,2028,import_substitution,4760000.0
high,line,c3,diapers,2028,exports,0.0
high,line,c3,diapers,2028,imported_inputs,2380000.0
high,line,c3,diapers,2028,forgone_exports,0.0
high,line,c3,diapers,2028,net_fx,2380000.0
high,line,c3,diapers,2028,jobs,100.0
high,line,c3,diapers,2028,investment,2500000.0
high,line,c3,diapers,2028,capital_goods_imports,1500000.0
high,line,c3,diapers,2028,tax_gross,153925.1336898396
high,line,c3,diapers,2028,customs_forgone,119000.0
high,line,c3,diapers,2028,tax_revenue,34925.1336898396
high,line,c3,diapers,2029,volume,3612.5
high,line,c3,diapers,2029,gross_output,11560000.0
high,line,c3,diapers,2029,value_added,4045999.9999999995
high,line,c3,diapers,2029,indirect_va,1153110.0
high,line,c3,diapers,2029,induced_va,2277253.6363636362
high,line,c3,diapers,2029,total_va,7476363.636363637
high,line,c3,diapers,2029,household_income,5607272.7272727275
high,line,c3,diapers,2029,import_substitution,11560000.0
high,line,c3,diapers,2029,exports,0.0
high,line,c3,diapers,2029,imported_inputs,5780000.0
high,line,c3,diapers,2029,forgone_exports,0.0
high,line,c3,diapers,2029,net_fx,5780000.0
high,line,c3,diapers,2029,jobs,200.0
high,line,c3,diapers,2029,investment,2500000.0
high,line,c3,diapers,2029,capital_goods_imports,1500000.0
high,line,c3,diapers,2029,tax_gross,373818.1818181819
high,line,c3,diapers,2029,customs_forgone,289000.0
high,line,c3,diapers,2029,tax_revenue,84818.18181818188
high,line,c3,diapers,2030,volume,5737.5
high,line,c3,diapers,2030,gross_output,18360000.0
high,line,c3,diapers,2030,value_added,6426000.0
high,line,c3,diapers,2030,indirect_va,1831409.9999999998
high,line,c3,diapers,2030,induced_va,3616814.5989304814
high,line,c3,diapers,2030,total_va,11874224.598930482
high,line,c3,diapers,2030,household_income,8905668.449197862
high,line,c3,diapers,2030,import_substitution,18360000.0
high,line,c3,diapers,2030,exports,0.0
high,line,c3,diapers,2030,imported_inputs,9180000.0
high,line,c3,diapers,2030,forgone_exports,0.0
high,line,c3,diapers,2030,net_fx,9180000.0
high,line,c3,diapers,2030,jobs,300.0
high,line,c3,diapers,2030,investment,2500000.0
high,line,c3,diapers,2030,capital_goods_imports,1500000.0
high,line,c3,diapers,2030,tax_gross,593711.2299465241
high,line,c3,diapers,2030,customs_forgone,459000.0
high,line,c3,diapers,2030,tax_revenue,134711.22994652414
high,line,c3,diapers,2031,volume,7267.5
high,line,c3,diapers,2031,gross_output,23256000.0
high,line,c3,diapers,2031,value_added,8139599.999999999
high,line,c3,diapers,2031,indirect_va,2319786.0
high,line,c3,diapers,2031,induced_va,4581298.491978609
high,line,c3,diapers,2031,total_va,15040684.491978608
high,line,c3,diapers,2031,household_income,11280513.368983956
high,line,c3,diapers,2031,import_substitution,23256000.0
high,line,c3,diapers,2031,exports,0.0
high,line,c3,diapers,2031,imported_inputs,11628000.0
high,line,c3,diapers,2031,forgone_exports,0.0
high,line,c3,diapers,2031,net_fx,11628000.0
high,line,c3,diapers,2031,jobs,360.0
high,line,c3,diapers,2031,investment,1500000.0000000002
high,line,c3,diapers,2031,capital_goods_imports,900000.0000000001
high,line,c3,diapers,2031,tax_gross,752034.2245989305
high,line,c3,diapers,2031,customs_forgone,581400.0
high,line,c3,diapers,2031,tax_revenue,170634.22459893045
high,line,c3,diapers,2032,volume,8245.0
high,line,c3,diapers,2032,gross_output,26384000.0
high,line,c3,diapers,2032,value_added,9234400.0
high,line,c3,diapers,2032,indirect_va,2631804.0
high,line,c3,diapers,2032,induced_va,5197496.5347593585
high,line,c3,diapers,2032,total_va,17063700.534759358
high,line,c3,diapers,2032,household_income,12797775.401069518
high,line,c3,diapers,2032,import_substitution,26384000.0
high,line,c3,diapers,2032,exports,0.0
high,line,c3,diapers,2032,imported_inputs,13192000.0
high,line,c3,diapers,2032,forgone_exports,0.0
high,line,c3,diapers,2032,net_fx,13192000.0
high,line,c3,diapers,2032,jobs,400.0
high,line,c3,diapers,2032,investment,999999.9999999998
high,line,c3,diapers,2032,capital_goods_imports,599999.9999999999
high,line,c3,diapers,2032,tax_gross,853185.026737968
high,line,c3,diapers,2032,customs_forgone,659600.0
high,line,c3,diapers,2032,tax_revenue,193585.02673796797
high,line,c3,garments,2028,volume,3150.0
high,line,c3,garments,2028,gross_output,28350000.0
high,line,c3,garments,2028,value_added,12757500.0
high,line,c3,garments,2028,indirect_va,2827912.5
high,line,c3,garments,2028,induced_va,6826540.944479396
high,line,c3,garments,2028,total_va,22411953.444479395
high,line,c3,garments,2028,household_income,16808965.083359547
high,line,c3,garments,2028,import_substitution,28350000.0
high,line,c3,garments,2028,exports,0.0
high,line,c3,garments,2028,imported_inputs,11340000.0
high,line,c3,garments,2028,forgone_exports,0.0
high,line,c3,garments,2028,net_fx,17010000.0
high,line,c3,garments,2028,jobs,5000.0
high,line,c3,garments,2028,investment,17240000.0
high,line,c3,garments,2028,capital_goods_imports,10344000.0
high,line,c3,garments,2028,tax_gross,1120597.6722239698
high,line,c3,garments,2028,customs_forgone,708750.0
high,line,c3,garments,2028,tax_revenue,411847.6722239698
high,line,c3,garments,2029,volume,7650.0
high,line,c3,garments,2029,gross_output,68850000.0
high,line,c3,garments,2029,value_added,30982500.0
high,line,c3,garments,2029,indirect_va,6867787.5
high,line,c3,garments,2029,induced_va,16578742.293735676
high,line,c3,garments,2029,total_va,54429029.793735676
high,line,c3,garments,2029,household_income,40821772.345301755
high,line,c3,garments,2029,import_substitution,68850000.0
high,line,c3,garments,2029,exports,0.0
high,line,c3,garments,2029,imported_inputs,27540000.0
high,line,c3,garments,2029,forgone_exports,0.0
high,line,c3,garments,2029,net_fx,41310000.0
high,line,c3,garments,2029,jobs,10000.0
high,line,c3,garments,2029,investment,17240000.0
high,line,c3,garments,2029,capital_goods_imports,10344000.0
high,line,c3,garments,2029,tax_gross,2721451.489686784
high,line,c3,garments,2029,customs_forgone,1721250.0
high,line,c3,garments,2029,tax_revenue,1000201.4896867839
high,line,c3,garments,2030,volume,12150.0
high,line,c3,garments,2030,gross_output,109350000.0
high,line,c3,garments,2030,value_added,49207500.0
high,line,c3,garments,2030,indirect_va,10907662.5
high,line,c3,garments,2030,induced_va,26330943.642991956
high,line,c3,garments,2030,total_va,86446106.14299196
high,line,c3,garments,2030,household_income,64834579.60724397
high,line,c3,garments,2030,import_substitution,109350000.0
high,line,c3,garments,2030,exports,0.0
high,line,c3,garments,2030,imported_inputs,43740000.0
high,line,c3,garments,2030,forgone_exports,0.0
high,line,c3,garments,2030,net_fx,65610000.0
high,line,c3,garments,2030,jobs,15000.0
high,line,c3,garments,2030,investment,17240000.0
high,line,c3,garments,2030,capital_goods_imports,10344000.0
high,line,c3,garments,2030,tax_gross,4322305.307149598
high,line,c3,garments,2030,customs_forgone,2733750.0
high,line,c3,garments,2030,tax_revenue,1588555.3071495984
high,line,c3,garments,2031,volume,15390.0
high,line,c3,garments,2031,gross_output,138510000.0
high,line,c3,garments,2031,value_added,62329500.0
high,line,c3,garments,2031,indirect_va,13816372.5
high,line,c3,garments,2031,induced_va,33352528.614456475
high,line,c3,garments,2031,total_va,109498401.11445647
high,line,c3,garments,2031,household_income,82123800.83584236
high,line,c3,garments,2031,import_substitution,138510000.0
high,line,c3,garments,2031,exports,0.0
high,line,c3,garments,2031,imported_inputs,55404000.0
high,line,c3,garments,2031,forgone_exports,0.0
high,line,c3,garments,2031,net_fx,83106000.0
high,line,c3,garments,2031,jobs,18000.0
high,line,c3,garments,2031,investment,10344000.000000002
high,line,c3,garments,2031,capital_goods_imports,6206400.000000001
high,line,c3,garments,2031,tax_gross,5474920.055722824
high,line,c3,garments,2031,customs_forgone,3462750.0
high,line,c3,garments,2031,tax_revenue,2012170.0557228243
high,line,c3,garments,2032,volume,17460.0
high,line,c3,garments,2032,gross_output,157140000.0
high,line,c3,garments,2032,value_added,70713000.0
high,line,c3,garments,2032,indirect_va,15674714.999999998
high,line,c3,garments,2032,induced_va,37838541.235114366
high,line,c3,garments,2032,total_va,124226256.23511437
high,line,c3,garments,2032,household_income,93169692.17633578
high,line,c3,garments,2032,import_substitution,157140000.0
high,line,c3,garments,2032,exports,0.0
high,line,c3,garments,2032,imported_inputs,62856000.0
high,line,c3,garments,2032,forgone_exports,0.0
high,line,c3,garments,2032,net_fx,94284000.0
high,line,c3,garments,2032,jobs,20000.0
high,line,c3,garments,2032,investment,6895999.999999998
high,line,c3,garments,2032,capital_goods_imports,4137599.9999999986
high,line,c3,garments,2032,tax_gross,6211312.811755719
high,line,c3,garments,2032,customs_forgone,3928500.0
high,line,c3,garments,2032,tax_revenue,2282812.8117557187
high,line,c3,aromatics,2028,volume,446.25
high,line,c3,aromatics,2028,gross_output,8925000.0
high,line,c3,aromatics,2028,value_added,4016250.0
high,line,c3,aromatics,2028,indirect_va,2246868.75
high,line,c3,aromatics,2028,induced_va,2743298.362299465
high,line,c3,aromatics,2028,total_va,9006417.112299465
high,line,c3,aromatics,2028,household_income,6754812.8342245985
high,line,c3,aromatics,2028,import_substitution,446250.0
high,line,c3,aromatics,2028,exports,8478750.0
high,line,c3,aromatics,2028,imported_inputs,178500.0
high,line,c3,aromatics,2028,forgone_exports,1249500.0
high,line,c3,aromatics,2028,net_fx,7497000.0
high,line,c3,aromatics,2028,jobs,150.0
high,line,c3,aromatics,2028,investment,1500000.0
high,line,c3,aromatics,2028,capital_goods_imports,900000.0
high,line,c3,aromatics,2028,tax_gross,450320.85561497323
high,line,c3,aromatics,2028,customs_forgone,11156.25
high,line,c3,aromatics,2028,tax_revenue,439164.60561497323
high,line,c3,aromatics,2029,volume,1083.75
high,line,c3,aromatics,2029,gross_output,21675000.0
high,line,c3,aromatics,2029,value_added,9753750.0
high,line,c3,aromatics,2029,indirect_va,5456681.25
high,line,c3,aromatics,2029,induced_va,6662296.0227272725
high,line,c3,aromatics,2029,total_va,21872727.272727273
high,line,c3,aromatics,2029,household_income,16404545.454545455
high,line,c3,aromatics,2029,import_substitution,1083750.0
high,line,c3,aromatics,2029,exports,20591250.0
high,line,c3,aromatics,2029,imported_inputs,433500.0
high,line,c3,aromatics,2029,forgone_exports,3034500.0
high,line,c3,aromatics,2029,net_fx,18207000.0
high,line,c3,aromatics,2029,jobs,300.0
high,line,c3,aromatics,2029,investment,1500000.0
high,line,c3,aromatics,2029,capital_goods_imports,900000.0
high,line,c3,aromatics,2029,tax_gross,1093636.3636363638
high,line,c3,aromatics,2029,customs_forgone,27093.75
high,line,c3,aromatics,2029,tax_revenue,1066542.6136363638
high,line,c3,aromatics,2030,volume,1721.25
high,line,c3,aromatics,2030,gross_output,34425000.0
high,line,c3,aromatics,2030,value_added,15491250.0
high,line,c3,aromatics,2030,indirect_va,8666493.75
high,line,c3,aromatics,2030,induced_va,10581293.68315508
high,line,c3,aromatics,2030,total_va,34739037.43315508
high,line,c3,aromatics,2030,household_income,26054278.07486631
high,line,c3,aromatics,2030,import_substitution,1721250.0
high,line,c3,aromatics,2030,exports,32703750.0
high,line,c3,aromatics,2030,imported_inputs,688500.0
high,line,c3,aromatics,2030,forgone_exports,4819500.0
high,line,c3,aromatics,2030,net_fx,28917000.0
high,line,c3,aromatics,2030,jobs,450.0
high,line,c3,aromatics,2030,investment,1500000.0
high,line,c3,aromatics,2030,capital_goods_imports,900000.0
high,line,c3,aromatics,2030,tax_gross,1736951.8716577543
high,line,c3,aromatics,2030,customs_forgone,43031.25
high,line,c3,aromatics,2030,tax_revenue,1693920.6216577543
high,line,c3,aromatics,2031,volume,2180.25
high,line,c3,aromatics,2031,gross_output,43605000.0
high,line,c3,aromatics,2031,value_added,19622250.0
high,line,c3,aromatics,2031,indirect_va,10977558.75
high,line,c3,aromatics,2031,induced_va,13402971.998663101
high,line,c3,aromatics,2031,total_va,44002780.7486631
high,line,c3,aromatics,2031,household_income,33002085.561497323
high,line,c3,aromatics,2031,import_substitution,2180250.0
high,line,c3,aromatics,2031,exports,41424750.0
high,line,c3,aromatics,2031,imported_inputs,872100.0
high,line,c3,aromatics,2031,forgone_exports,6104700.0
high,line,c3,aromatics,2031,net_fx,36628200.0
high,line,c3,aromatics,2031,jobs,540.0
high,line,c3,aromatics,2031,investment,900000.0000000001
high,line,c3,aromatics,2031,capital_goods_imports,540000.0
high,line,c3,aromatics,2031,tax_gross,2200139.037433155
high,line,c3,aromatics,2031,customs_forgone,54506.25
high,line,c3,aromatics,2031,tax_revenue,2145632.787433155
high,line,c3,aromatics,2032,volume,2473.5
high,line,c3,aromatics,2032,gross_output,49470000.0
high,line,c3,aromatics,2032,value_added,22261500.0
high,line,c3,aromatics,2032,indirect_va,12454072.5
high,line,c3,aromatics,2032,induced_va,15205710.922459893
high,line,c3,aromatics,2032,total_va,49921283.42245989
high,line,c3,aromatics,2032,household_income,37440962.56684492
high,line,c3,aromatics,2032,import_substitution,2473500.0
high,line,c3,aromatics,2032,exports,46996500.0
high,line,c3,aromatics,2032,imported_inputs,989400.0
high,line,c3,aromatics,2032,forgone_exports,6925799.999999999
high,line,c3,aromatics,2032,net_fx,41554800.0
high,line,c3,aromatics,2032,jobs,600.0
high,line,c3,aromatics,2032,investment,599999.9999999999
high,line,c3,aromatics,2032,capital_goods_imports,359999.99999999994
high,line,c3,aromatics,2032,tax_gross,2496064.1711229947
high,line,c3,aromatics,2032,customs_forgone,61837.5
high,line,c3,aromatics,2032,tax_revenue,2434226.6711229947
high,line,c3,stoves,2028,volume,52062.5
high,line,c3,stoves,2028,gross_output,2342812.5
high,line,c3,stoves,2028,value_added,819984.375
high,line,c3,stoves,2028,indirect_va,623188.125
high,line,c3,stoves,2028,induced_va,632121.6176470588
high,line,c3,stoves,2028,total_va,2075294.1176470588
high,line,c3,stoves,2028,household_income,1556470.588235294
high,line,c3,stoves,2028,import_substitution,1171406.25
high,line,c3,stoves,2028,exports,0.0
high,line,c3,stoves,2028,imported_inputs,585703.125
high,line,c3,stoves,2028,forgone_exports,0.0
high,line,c3,stoves,2028,net_fx,585703.125
high,line,c3,stoves,2028,jobs,315.0
high,line,c3,stoves,2028,investment,437500.0
high,line,c3,stoves,2028,capital_goods_imports,262500.0
high,line,c3,stoves,2028,tax_gross,103764.70588235295
high,line,c3,stoves,2028,customs_forgone,29285.15625
high,line,c3,stoves,2028,tax_revenue,74479.54963235295
high,line,c3,stoves,2029,volume,126437.5
high,line,c3,stoves,2029,gross_output,5689687.5
high,line,c3,stoves,2029,value_added,1991390.625
high,line,c3,stoves,2029,indirect_va,1513456.875
high,line,c3,stoves,2029,induced_va,1535152.5
high,line,c3,stoves,2029,total_va,5040000.0
high,line,c3,stoves,2029,household_income,3780000.0
high,line,c3,stoves,2029,import_substitution,2844843.75
high,line,c3,stoves,2029,exports,0.0
high,line,c3,stoves,2029,imported_inputs,1422421.875
high,line,c3,stoves,2029,forgone_exports,0.0
high,line,c3,stoves,2029,net_fx,1422421.875
high,line,c3,stoves,2029,jobs,630.0
high,line,c3,stoves,2029,investment,437500.0
high,line,c3,stoves,2029,capital_goods_imports,262500.0
high,line,c3,stoves,2029,tax_gross,252000.0
high,line,c3,stoves,2029,customs_forgone,71121.09375
high,line,c3,stoves,2029,tax_revenue,180878.90625
high,line,c3,stoves,2030,volume,200812.5
high,line,c3,stoves,2030,gross_output,9036562.5
high,line,c3,stoves,2030,value_added,3162796.875
high,line,c3,stoves,2030,indirect_va,2403725.625
high,line,c3,stoves,2030,induced_va,2438183.382352941
high,line,c3,stoves,2030,total_va,8004705.882352941
high,line,c3,stoves,2030,household_income,6003529.411764706
high,line,c3,stoves,2030,import_substitution,4518281.25
high,line,c3,stoves,2030,exports,0.0
high,line,c3,stoves,2030,imported_inputs,2259140.625
high,line,c3,stoves,2030,forgone_exports,0.0
high,line,c3,stoves,2030,net_fx,2259140.625
high,line,c3,stoves,2030,jobs,945.0
high,line,c3,stoves,2030,investment,437500.0
high,line,c3,stoves,2030,capital_goods_imports,262500.0
high,line,c3,stoves,2030,tax_gross,400235.29411764705
high,line,c3,stoves,2030,customs_forgone,112957.03125
high,line,c3,stoves,2030,tax_revenue,287278.26286764705
high,line,c3,stoves,2031,volume,254362.5
high,line,c3,stoves,2031,gross_output,11446312.5
high,line,c3,stoves,2031,value_added,4006209.375
high,line,c3,stoves,2031,indirect_va,3044719.125
high,line,c3,stoves,2031,induced_va,3088365.617647059
high,line,c3,stoves,2031,total_va,10139294.11764706
high,line,c3,stoves,2031,household_income,7604470.588235294
high,line,c3,stoves,2031,import_substitution,5723156.25
high,line,c3,stoves,2031,exports,0.0
high,line,c3,stoves,2031,imported_inputs,2861578.125
high,line,c3,stoves,2031,forgone_exports,0.0
high,line,c3,stoves,2031,net_fx,2861578.125
high,line,c3,stoves,2031,jobs,1134.0
high,line,c3,stoves,2031,investment,262500.00000000006
high,line,c3,stoves,2031,capital_goods_imports,157500.00000000003
high,line,c3,stoves,2031,tax_gross,506964.705882353
high,line,c3,stoves,2031,customs_forgone,143078.90625
high,line,c3,stoves,2031,tax_revenue,363885.799632353
high,line,c3,stoves,2032,volume,288575.0
high,line,c3,stoves,2032,gross_output,12985875.0
high,line,c3,stoves,2032,value_added,4545056.25
high,line,c3,stoves,2032,indirect_va,3454242.75
high,line,c3,stoves,2032,induced_va,3503759.8235294116
high,line,c3,stoves,2032,total_va,11503058.823529411
high,line,c3,stoves,2032,household_income,8627294.11764706
high,line,c3,stoves,2032,import_substitution,6492937.5
high,line,c3,stoves,2032,exports,0.0
high,line,c3,stoves,2032,imported_inputs,3246468.75
high,line,c3,stoves,2032,forgone_exports,0.0
high,line,c3,stoves,2032,net_fx,3246468.75
high,line,c3,stoves,2032,jobs,1260.0
high,line,c3,stoves,2032,investment,174999.99999999997
high,line,c3,stoves,2032,capital_goods_imports,104999.99999999999
high,line,c3,stoves,2032,tax_gross,575152.9411764706
high,line,c3,stoves,2032,customs_forgone,162323.4375
high,line,c3,stoves,2032,tax_revenue,412829.5036764706
high,line,c3,pellets,2028,volume,11900.0
high,line,c3,pellets,2028,gross_output,1356600.0
high,line,c3,pellets,2028,value_added,610470.0
high,line,c3,pellets,2028,indirect_va,614743.29
high,line,c3,pellets,2028,induced_va,536653.6618716577
high,line,c3,pellets,2028,total_va,1761866.9518716577
high,line,c3,pellets,2028,household_income,1321400.2139037433
high,line,c3,pellets,2028,import_substitution,0.0
high,line,c3,pellets,2028,exports,0.0
high,line,c3,pellets,2028,imported_inputs,27132.0
high,line,c3,pellets,2028,forgone_exports,0.0
high,line,c3,pellets,2028,net_fx,-27132.0
high,line,c3,pellets,2028,jobs,240.0
high,line,c3,pellets,2028,investment,1600000.0
high,line,c3,pellets,2028,capital_goods_imports,960000.0
high,line,c3,pellets,2028,tax_gross,88093.34759358289
high,line,c3,pellets,2028,customs_forgone,0.0
high,line,c3,pellets,2028,tax_revenue,88093.34759358289
high,line,c3,pellets,2029,volume,28900.0
high,line,c3,pellets,2029,gross_output,3294600.0
high,line,c3,pellets,2029,value_added,1482570.0
high,line,c3,pellets,2029,indirect_va,1492947.99
high,line,c3,pellets,2029,induced_va,1303301.7502597403
high,line,c3,pellets,2029,total_va,4278819.7402597405
high,line,c3,pellets,2029,household_income,3209114.8051948054
high,line,c3,pellets,2029,import_substitution,0.0
high,line,c3,pellets,2029,exports,0.0
high,line,c3,pellets,2029,imported_inputs,65892.0
high,line,c3,pellets,2029,forgone_exports,0.0
high,line,c3,pellets,2029,net_fx,-65892.0
high,line,c3,pellets,2029,jobs,480.0
high,line,c3,pellets,2029,investment,1600000.0
high,line,c3,pellets,2029,capital_goods_imports,960000.0
high,line,c3,pellets,2029,tax_gross,213940.98701298703
high,line,c3,pellets,2029,customs_forgone,0.0
high,line,c3,pellets,2029,tax_revenue,213940.98701298703
high,line,c3,pellets,2030,volume,45900.0
high,line,c3,pellets,2030,gross_output,5232600.0
high,line,c3,pellets,2030,value_added,2354670.0
high,line,c3,pellets,2030,indirect_va,2371152.69
high,line,c3,pellets,2030,induced_va,2069949.8386478224
high,line,c3,pellets,2030,total_va,6795772.528647821
high,line,c3,pellets,2030,household_income,5096829.396485866
high,line,c3,pellets,2030,import_substitution,0.0
high,line,c3,pellets,2030,exports,0.0
high,line,c3,pellets,2030,imported_inputs,104652.0
high,line,c3,pellets,2030,forgone_exports,0.0
high,line,c3,pellets,2030,net_fx,-104652.0
high,line,c3,pellets,2030,jobs,720.0
high,line,c3,pellets,2030,investment,1600000.0
high,line,c3,pellets,2030,capital_goods_imports,960000.0
high,line,c3,pellets,2030,tax_gross,339788.6264323911
high,line,c3,pellets,2030,customs_forgone,0.0
high,line,c3,pellets,2030,tax_revenue,339788.6264323911
high,line,c3,pellets,2031,volume,58140.0
high,line,c3,pellets,2031,gross_output,6627960.0
high,line,c3,pellets,2031,value_added,2982582.0
high,line,c3,pellets,2031,indirect_va,3003460.0739999996
high,line,c3,pellets,2031,induced_va,2621936.4622872416
high,line,c3,pellets,2031,total_va,8607978.53628724
high,line,c3,pellets,2031,household_income,6455983.9022154305
high,line,c3,pellets,2031,import_substitution,0.0
high,line,c3,pellets,2031,exports,0.0
high,line,c3,pellets,2031,imported_inputs,132559.19999999998
high,line,c3,pellets,2031,forgone_exports,0.0
high,line,c3,pellets,2031,net_fx,-132559.19999999998
high,line,c3,pellets,2031,jobs,864.0
high,line,c3,pellets,2031,investment,960000.0000000001
high,line,c3,pellets,2031,capital_goods_imports,576000.0
high,line,c3,pellets,2031,tax_gross,430398.92681436206
high,line,c3,pellets,2031,customs_forgone,0.0
high,line,c3,pellets,2031,tax_revenue,430398.92681436206
high,line,c3,pellets,2032,volume,65960.0
high,line,c3,pellets,2032,gross_output,7519440.0
high,line,c3,pellets,2032,value_added,3383748.0
high,line,c3,pellets,2032,indirect_va,3407434.236
high,line,c3,pellets,2032,induced_va,2974594.5829457594
high,line,c3,pellets,2032,total_va,9765776.818945758
high,line,c3,pellets,2032,household_income,7324332.6142093185
high,line,c3,pellets,2032,import_substitution,0.0
high,line,c3,pellets,2032,exports,0.0
high,line,c3,pellets,2032,imported_inputs,150388.8
high,line,c3,pellets,2032,forgone_exports,0.0
high,line,c3,pellets,2032,net_fx,-150388.8
high,line,c3,pellets,2032,jobs,960.0
high,line,c3,pellets,2032,investment,639999.9999999999
high,line,c3,pellets,2032,capital_goods_imports,383999.99999999994
high,line,c3,pellets,2032,tax_gross,488288.8409472879
high,line,c3,pellets,2032,customs_forgone,0.0
high,line,c3,pellets,2032,tax_revenue,488288.8409472879
high,line,c4,bpo,2028,volume,1575.0
high,line,c4,bpo,2028,gross_output,23625000.0
high,line,c4,bpo,2028,value_added,18900000.0
high,line,c4,bpo,2028,indirect_va,3029906.25
high,line,c4,bpo,2028,induced_va,9605482.23694558
high,line,c4,bpo,2028,total_va,31535388.48694558
high,line,c4,bpo,2028,household_income,23651541.365209185
high,line,c4,bpo,2028,import_substitution,0.0
high,line,c4,bpo,2028,exports,23625000.0
high,line,c4,bpo,2028,imported_inputs,1181250.0
high,line,c4,bpo,2028,forgone_exports,0.0
high,line,c4,bpo,2028,net_fx,22443750.0
high,line,c4,bpo,2028,jobs,4000.0
high,line,c4,bpo,2028,investment,6250000.0
high,line,c4,bpo,2028,capital_goods_imports,3750000.0
high,line,c4,bpo,2028,tax_gross,1576769.4243472791
high,line,c4,bpo,2028,customs_forgone,0.0
high,line,c4,bpo,2028,tax_revenue,1576769.4243472791
high,line,c4,bpo,2029,volume,3825.0
high,line,c4,bpo,2029,gross_output,57375000.0
high,line,c4,bpo,2029,value_added,45900000.0
high,line,c4,bpo,2029,indirect_va,7358343.75
high,line,c4,bpo,2029,induced_va,23327599.71829641
high,line,c4,bpo,2029,total_va,76585943.46829641
high,line,c4,bpo,2029,household_income,57439457.60122231
high,line,c4,bpo,2029,import_substitution,0.0
high,line,c4,bpo,2029,exports,57375000.0
high,line,c4,bpo,2029,imported_inputs,2868750.0
high,line,c4,bpo,2029,forgone_exports,0.0
high,line,c4,bpo,2029,net_fx,54506250.0
high,line,c4,bpo,2029,jobs,8000.0
high,line,c4,bpo,2029,investment,6250000.0
high,line,c4,bpo,2029,capital_goods_imports,3750000.0
high,line,c4,bpo,2029,tax_gross,3829297.173414821
high,line,c4,bpo,2029,customs_forgone,0.0
high,line,c4,bpo,2029,tax_revenue,3829297.173414821
high,line,c4,bpo,2030,volume,6075.0
high,line,c4,bpo,2030,gross_output,91125000.0
high,line,c4,bpo,2030,value_added,72900000.0
high,line,c4,bpo,2030,indirect_va,11686781.25
high,line,c4,bpo,2030,induced_va,37049717.19964724
high,line,c4,bpo,2030,total_va,121636498.44964725
high,line,c4,bpo,2030,household_income,91227373.83723544
high,line,c4,bpo,2030,import_substitution,0.0
high,line,c4,bpo,2030,exports,91125000.0
high,line,c4,bpo,2030,imported_inputs,4556250.0
high,line,c4,bpo,2030,forgone_exports,0.0
high,line,c4,bpo,2030,net_fx,86568750.0
high,line,c4,bpo,2030,jobs,12000.0
high,line,c4,bpo,2030,investment,6250000.0
high,line,c4,bpo,2030,capital_goods_imports,3750000.0
high,line,c4,bpo,2030,tax_gross,6081824.922482363
high,line,c4,bpo,2030,customs_forgone,0.0
high,line,c4,bpo,2030,tax_revenue,6081824.922482363
high,line,c4,bpo,2031,volume,7695.0
high,line,c4,bpo,2031,gross_output,115425000.0
high,line,c4,bpo,2031,value_added,92340000.0
high,line,c4,bpo,2031,indirect_va,14803256.25
high,line,c4,bpo,2031,induced_va,46929641.786219835
high,line,c4,bpo,2031,total_va,154072898.03621984
high,line,c4,bpo,2031,household_income,115554673.52716488
high,line,c4,bpo,2031,import_substitution,0.0
high,line,c4,bpo,2031,exports,115425000.0
high,line,c4,bpo,2031,imported_inputs,5771250.0
high,line,c4,bpo,2031,forgone_exports,0.0
high,line,c4,bpo,2031,net_fx,109653750.0
high,line,c4,bpo,2031,jobs,14400.0
high,line,c4,bpo,2031,investment,3750000.0000000005
high,line,c4,bpo,2031,capital_goods_imports,2250000.0
high,line,c4,bpo,2031,tax_gross,7703644.9018109925
high,line,c4,bpo,2031,customs_forgone,0.0
high,line,c4,bpo,2031,tax_revenue,7703644.9018109925
high,line,c4,bpo,2032,volume,8730.0
high,line,c4,bpo,2032,gross_output,130950000.0
high,line,c4,bpo,2032,value_added,104760000.0
high,line,c4,bpo,2032,indirect_va,16794337.5
high,line,c4,bpo,2032,induced_va,53241815.82764121
high,line,c4,bpo,2032,total_va,174796153.32764122
high,line,c4,bpo,2032,household_income,131097114.9957309
high,line,c4,bpo,2032,import_substitution,0.0
high,line,c4,bpo,2032,exports,130950000.0
high,line,c4,bpo,2032,imported_inputs,6547500.0
high,line,c4,bpo,2032,forgone_exports,0.0
high,line,c4,bpo,2032,net_fx,124402500.0
high,line,c4,bpo,2032,jobs,16000.0
high,line,c4,bpo,2032,investment,2499999.9999999995
high,line,c4,bpo,2032,capital_goods_imports,1499999.9999999998
high,line,c4,bpo,2032,tax_gross,8739807.666382061
high,line,c4,bpo,2032,customs_forgone,0.0
high,line,c4,bpo,2032,tax_revenue,8739807.666382061
high,cluster,c1,c1,2028,volume,766193.75
high,cluster,c1,c1,2028,gross_output,131556249.99999999
high,cluster,c1,c1,2028,value_added,29054812.499999996
high,cluster,c1,c1,2028,indirect_va,70259265.78124999
high,cluster,c1,c1,2028,induced_va,43500396.39632155
high,cluster,c1,c1,2028,total_va,142814474.67757154
high,cluster,c1,c1,2028,household_income,107110856.00817865
high,cluster,c1,c1,2028,import_substitution,26562812.499999996
high,cluster,c1,c1,2028,exports,104993437.49999999
high,cluster,c1,c1,2028,imported_inputs,6064625.0
high,cluster,c1,c1,2028,forgone_exports,4243093.75
high,cluster,c1,c1,2028,net_fx,121248531.24999999
high,cluster,c1,c1,2028,jobs,2366.25
high,cluster,c1,c1,2028,investment,26625000.0
high,cluster,c1,c1,2028,capital_goods_imports,15975000.0
high,cluster,c1,c1,2028,tax_gross,7140723.733878577
high,cluster,c1,c1,2028,customs_forgone,664070.3124999999
high,cluster,c1,c1,2028,tax_revenue,6476653.421378577
high,cluster,c1,c1,2028,net_fx,121248531.24999999
high,cluster,c1,c1,2029,volume,1860756.25
high,cluster,c1,c1,2029,gross_output,319493750.0
high,cluster,c1,c1,2029,value_added,70561687.5
high,cluster,c1,c1,2029,indirect_va,170629645.46875
high,cluster,c1,c1,2029,induced_va,105643819.81963807
high,cluster,c1,c1,2029,total_va,346835152.7883881
high,cluster,c1,c1,2029,household_income,260126364.59129107
high,cluster,c1,c1,2029,import_substitution,64509687.5
high,cluster,c1,c1,2029,exports,254984062.5
high,cluster,c1,c1,2029,imported_inputs,14728375.0
high,cluster,c1,c1,2029,forgone_exports,10304656.25
high,cluster,c1,c1,2029,net_fx,294460718.75
high,cluster,c1,c1,2029,jobs,4732.5
high,cluster,c1,c1,2029,investment,26625000.0
high,cluster,c1,c1,2029,capital_goods_imports,15975000.0
high,cluster,c1,c1,2029,tax_gross,17341757.639419407
high,cluster,c1,c1,2029,customs_forgone,1612742.1875
high,cluster,c1,c1,2029,tax_revenue,15729015.451919405
high,cluster,c1,c1,2029,net_fx,294460718.75
high,cluster,c1,c1,2030,volume,2955318.75
high,cluster,c1,c1,2030,gross_output,507431250.00000006
high,cluster,c1,c1,2030,value_added,112068562.5
high,cluster,c1,c1,2030,indirect_va,271000025.15625006
high,cluster,c1,c1,2030,induced_va,167787243.2429546
high,cluster,c1,c1,2030,total_va,550855830.8992046
high,cluster,c1,c1,2030,household_income,413141873.1744034
high,cluster,c1,c1,2030,import_substitution,102456562.50000001
high,cluster,c1,c1,2030,exports,404974687.50000006
high,cluster,c1,c1,2030,imported_inputs,23392125.000000004
high,cluster,c1,c1,2030,forgone_exports,16366218.75
high,cluster,c1,c1,2030,net_fx,467672906.25000006
high,cluster,c1,c1,2030,jobs,7098.75
high,cluster,c1,c1,2030,investment,26625000.0
high,cluster,c1,c1,2030,capital_goods_imports,15975000.0
high,cluster,c1,c1,2030,tax_gross,27542791.54496023
high,cluster,c1,c1,2030,customs_forgone,2561414.0625000005
high,cluster,c1,c1,2030,tax_revenue,24981377.48246023
high,cluster,c1,c1,2030,net_fx,467672906.25000006
high,cluster,c1,c1,2031,volume,3743403.75
high,cluster,c1,c1,2031,gross_output,642746250.0
high,cluster,c1,c1,2031,value_added,141953512.5
high,cluster,c1,c1,2031,indirect_va,343266698.53125
high,cluster,c1,c1,2031,induced_va,212530508.1077425
high,cluster,c1,c1,2031,total_va,697750719.1389924
high,cluster,c1,c1,2031,household_income,523313039.3542444
high,cluster,c1,c1,2031,import_substitution,129778312.5
high,cluster,c1,c1,2031,exports,512967937.5
high,cluster,c1,c1,2031,imported_inputs,29630025.0
high,cluster,c1,c1,2031,forgone_exports,20730543.75
high,cluster,c1,c1,2031,net_fx,592385681.25
high,cluster,c1,c1,2031,jobs,8518.5
high,cluster,c1,c1,2031,investment,15975000.000000004
high,cluster,c1,c1,2031,capital_goods_imports,9585000.000000002
high,cluster,c1,c1,2031,tax_gross,34887535.95694963
high,cluster,c1,c1,2031,customs_forgone,3244457.8125
high,cluster,c1,c1,2031,tax_revenue,31643078.14444963
high,cluster,c1,c1,2031,net_fx,592385681.25
high,cluster,c1,c1,2032,volume,4246902.5
high,cluster,c1,c1,2032,gross_output,729197500.0
high,cluster,c1,c1,2032,value_added,161046675.0
high,cluster,c1,c1,2032,indirect_va,389437073.1875
high,cluster,c1,c1,2032,induced_va,241116482.8824681
high,cluster,c1,c1,2032,total_va,791600231.0699681
high,cluster,c1,c1,2032,household_income,593700173.302476
high,cluster,c1,c1,2032,import_substitution,147233875.0
high,cluster,c1,c1,2032,exports,581963625.0
high,cluster,c1,c1,2032,imported_inputs,33615350.0
high,cluster,c1,c1,2032,forgone_exports,23518862.5
high,cluster,c1,c1,2032,net_fx,672063287.5
high,cluster,c1,c1,2032,jobs,9465.0
high,cluster,c1,c1,2032,investment,10649999.999999998
high,cluster,c1,c1,2032,capital_goods_imports,6389999.999999998
high,cluster,c1,c1,2032,tax_gross,39580011.5534984
high,cluster,c1,c1,2032,customs_forgone,3680846.875
high,cluster,c1,c1,2032,tax_revenue,35899164.6784984
high,cluster,c1,c1,2032,net_fx,672063287.5
high,cluster,c2,c2,2028,volume,15312.5
high,cluster,c2,c2,2028,gross_output,23047500.0
high,cluster,c2,c2,2028,value_added,4839975.0
high,cluster,c2,c2,2028,indirect_va,10589792.5
high,cluster,c2,c2,2028,induced_va,6758367.133532556
high,cluster,c2,c2,2028,total_va,22188134.633532554
high,cluster,c2,c2,2028,household_income,16641100.975149417
high,cluster,c2,c2,2028,import_substitution,3873625.0
high,cluster,c2,c2,2028,exports,17992625.0
high,cluster,c2,c2,2028,imported_inputs,575225.0
high,cluster,c2,c2,2028,forgone_exports,6247500.0
high,cluster,c2,c2,2028,net_fx,15043525.0
high,cluster,c2,c2,2028,jobs,555.0
high,cluster,c2,c2,2028,investment,11500000.0
high,cluster,c2,c2,2028,capital_goods_imports,6900000.0
high,cluster,c2,c2,2028,tax_gross,1109406.7316766279
high,cluster,c2,c2,2028,customs_forgone,96840.625
high,cluster,c2,c2,2028,tax_revenue,1012566.1066766279
high,cluster,c2,c2,2028,net_fx,15043525.0
high,cluster,c2,c2,2029,volume,37187.5
high,cluster,c2,c2,2029,gross_output,55972500.0
high,cluster,c2,c2,2029,value_added,11754225.0
high,cluster,c2,c2,2029,indirect_va,25718067.5
high,cluster,c2,c2,2029,induced_va,16413177.324293353
high,cluster,c2,c2,2029,total_va,53885469.82429335
high,cluster,c2,c2,2029,household_income,40414102.36822002
high,cluster,c2,c2,2029,import_substitution,9407375.0
high,cluster,c2,c2,2029,exports,43696375.0
high,cluster,c2,c2,2029,imported_inputs,1396975.0
high,cluster,c2,c2,2029,forgone_exports,15172500.0
high,cluster,c2,c2,2029,net_fx,36534275.0
high,cluster,c2,c2,2029,jobs,1110.0
high,cluster,c2,c2,2029,investment,11500000.0
high,cluster,c2,c2,2029,capital_goods_imports,6900000.0
high,cluster,c2,c2,2029,tax_gross,2694273.491214668
high,cluster,c2,c2,2029,customs_forgone,235184.375
high,cluster,c2,c2,2029,tax_revenue,2459089.116214668
high,cluster,c2,c2,2029,net_fx,36534275.0
high,cluster,c2,c2,2030,volume,59062.5
high,cluster,c2,c2,2030,gross_output,88897500.0
high,cluster,c2,c2,2030,value_added,18668475.0
high,cluster,c2,c2,2030,indirect_va,40846342.5
high,cluster,c2,c2,2030,induced_va,26067987.51505415
high,cluster,c2,c2,2030,total_va,85582805.01505415
high,cluster,c2,c2,2030,household_income,64187103.76129062
high,cluster,c2,c2,2030,import_substitution,14941125.0
high,cluster,c2,c2,2030,exports,69400125.0
high,cluster,c2,c2,2030,imported_inputs,2218725.0
high,cluster,c2,c2,2030,forgone_exports,24097499.999999996
high,cluster,c2,c2,2030,net_fx,58025025.000000015
high,cluster,c2,c2,2030,jobs,1665.0
high,cluster,c2,c2,2030,investment,11500000.0
high,cluster,c2,c2,2030,capital_goods_imports,6900000.0
high,cluster,c2,c2,2030,tax_gross,4279140.250752708
high,cluster,c2,c2,2030,customs_forgone,373528.125
high,cluster,c2,c2,2030,tax_revenue,3905612.125752708
high,cluster,c2,c2,2030,net_fx,58025025.000000015
high,cluster,c2,c2,2031,volume,74812.5
high,cluster,c2,c2,2031,gross_output,112603500.0
high,cluster,c2,c2,2031,value_added,23646735.0
high,cluster,c2,c2,2031,indirect_va,51738700.5
high,cluster,c2,c2,2031,induced_va,33019450.85240192
high,cluster,c2,c2,2031,total_va,108404886.35240191
high,cluster,c2,c2,2031,household_income,81303664.76430143
high,cluster,c2,c2,2031,import_substitution,18925425.0
high,cluster,c2,c2,2031,exports,87906825.0
high,cluster,c2,c2,2031,imported_inputs,2810385.0
high,cluster,c2,c2,2031,forgone_exports,30523500.0
high,cluster,c2,c2,2031,net_fx,73498365.0
high,cluster,c2,c2,2031,jobs,1998.0
high,cluster,c2,c2,2031,investment,6900000.000000001
high,cluster,c2,c2,2031,capital_goods_imports,4140000.0000000005
high,cluster,c2,c2,2031,tax_gross,5420244.317620097
high,cluster,c2,c2,2031,customs_forgone,473135.625
high,cluster,c2,c2,2031,tax_revenue,4947108.692620097
high,cluster,c2,c2,2031,net_fx,73498365.0
high,cluster,c2,c2,2032,volume,84875.0
high,cluster,c2,c2,2032,gross_output,127749000.0
high,cluster,c2,c2,2032,value_added,26827290.0
high,cluster,c2,c2,2032,indirect_va,58697707.0
high,cluster,c2,c2,2032,induced_va,37460663.54015189
high,cluster,c2,c2,2032,total_va,122985660.5401519
high,cluster,c2,c2,2032,household_income,92239245.40511392
high,cluster,c2,c2,2032,import_substitution,21470950.0
high,cluster,c2,c2,2032,exports,99730550.0
high,cluster,c2,c2,2032,imported_inputs,3188390.0
high,cluster,c2,c2,2032,forgone_exports,34629000.0
high,cluster,c2,c2,2032,net_fx,83384110.0
high,cluster,c2,c2,2032,jobs,2220.0
high,cluster,c2,c2,2032,investment,4599999.999999999
high,cluster,c2,c2,2032,capital_goods_imports,2759999.999999999
high,cluster,c2,c2,2032,tax_gross,6149283.027007595
high,cluster,c2,c2,2032,customs_forgone,536773.75
high,cluster,c2,c2,2032,tax_revenue,5612509.277007595
high,cluster,c2,c2,2032,net_fx,83384110.0
high,cluster,c3,c3,2028,volume,15867608.749999998
high,cluster,c3,c3,2028,gross_output,89611287.5
high,cluster,c3,c3,2028,value_added,29802810.625
high,cluster,c3,c3,2028,indirect_va,19946991.54
high,cluster,c3,c3,2028,induced_va,21790829.178189676
high,cluster,c3,c3,2028,total_va,71540631.34318969
high,cluster,c3,c3,2028,household_income,53655473.50739226
high,cluster,c3,c3,2028,import_substitution,69910531.25
high,cluster,c3,c3,2028,exports,10368750.0
high,cluster,c3,c3,2028,imported_inputs,30664928.875
high,cluster,c3,c3,2028,forgone_exports,1249500.0
high,cluster,c3,c3,2028,net_fx,48364852.375
high,cluster,c3,c3,2028,jobs,6145.0
high,cluster,c3,c3,2028,investment,47677500.0
high,cluster,c3,c3,2028,capital_goods_imports,28606500.0
high,cluster,c3,c3,2028,tax_gross,3577031.5671594837
high,cluster,c3,c3,2028,customs_forgone,1747763.28125
high,cluster,c3,c3,2028,tax_revenue,1829268.2859094841
high,cluster,c3,c3,2028,net_fx,48364852.375
high,cluster,c3,c3,2029,volume,38535621.25
high,cluster,c3,c3,2029,gross_output,217627412.5
high,cluster,c3,c3,2029,value_added,72378254.375
high,cluster,c3,c3,2029,indirect_va,48442693.74
high,cluster,c3,c3,2029,induced_va,52920585.14703209
high,cluster,c3,c3,2029,total_va,173741533.2620321
high,cluster,c3,c3,2029,household_income,130306149.94652407
high,cluster,c3,c3,2029,import_substitution,169782718.75
high,cluster,c3,c3,2029,exports,25181250.0
high,cluster,c3,c3,2029,imported_inputs,74471970.125
high,cluster,c3,c3,2029,forgone_exports,3034500.0
high,cluster,c3,c3,2029,net_fx,117457498.625
high,cluster,c3,c3,2029,jobs,12290.0
high,cluster,c3,c3,2029,investment,47677500.0
high,cluster,c3,c3,2029,capital_goods_imports,28606500.0
high,cluster,c3,c3,2029,tax_gross,8687076.663101602
high,cluster,c3,c3,2029,customs_forgone,4244567.96875
high,cluster,c3,c3,2029,tax_revenue,4442508.694351605
high,cluster,c3,c3,2029,net_fx,117457498.625
high,cluster,c3,c3,2030,volume,61203633.75000001
high,cluster,c3,c3,2030,gross_output,345643537.5
high,cluster,c3,c3,2030,value_added,114953698.125
high,cluster,c3,c3,2030,indirect_va,76938395.94
high,cluster,c3,c3,2030,induced_va,84050341.1158745
high,cluster,c3,c3,2030,total_va,275942435.1808745
high,cluster,c3,c3,2030,household_income,206956826.38565585
high,cluster,c3,c3,2030,import_substitution,269654906.25
high,cluster,c3,c3,2030,exports,39993750.0
high,cluster,c3,c3,2030,imported_inputs,118279011.375
high,cluster,c3,c3,2030,forgone_exports,4819500.0
high,cluster,c3,c3,2030,net_fx,186550144.875
high,cluster,c3,c3,2030,jobs,18435.0
high,cluster,c3,c3,2030,investment,47677500.0
high,cluster,c3,c3,2030,capital_goods_imports,28606500.0
high,cluster,c3,c3,2030,tax_gross,13797121.759043727
high,cluster,c3,c3,2030,customs_forgone,6741372.65625
high,cluster,c3,c3,2030,tax_revenue,7055749.102793725
high,cluster,c3,c3,2030,net_fx,186550144.875
high,cluster,c3,c3,2031,volume,77524602.75
high,cluster,c3,c3,2031,gross_output,437815147.5
high,cluster,c3,c3,2031,value_added,145608017.625
high,cluster,c3,c3,2031,indirect_va,97455301.524
high,cluster,c3,c3,2031,induced_va,106463765.413441
high,cluster,c3,c3,2031,total_va,349527084.56244093
high,cluster,c3,c3,2031,household_income,262145313.42183074
high,cluster,c3,c3,2031,import_substitution,341562881.25
high,cluster,c3,c3,2031,exports,50658750.0
high,cluster,c3,c3,2031,imported_inputs,149820081.075
high,cluster,c3,c3,2031,forgone_exports,6104700.0
high,cluster,c3,c3,2031,net_fx,236296850.175
high,cluster,c3,c3,2031,jobs,22122.0
high,cluster,c3,c3,2031,investment,28606500.000000004
high,cluster,c3,c3,2031,capital_goods_imports,17163900.000000004
high,cluster,c3,c3,2031,tax_gross,17476354.22812205
high,cluster,c3,c3,2031,customs_forgone,8539072.03125
high,cluster,c3,c3,2031,tax_revenue,8937282.196872052
high,cluster,c3,c3,2031,net_fx,236296850.175
high,cluster,c3,c3,2032,volume,87951888.5
high,cluster,c3,c3,2032,gross_output,496702565.0
high,cluster,c3,c3,2032,value_added,165192721.75
high,cluster,c3,c3,2032,indirect_va,110563324.536
high,cluster,c3,c3,2032,induced_va,120783453.15910853
high,cluster,c3,c3,2032,total_va,396539499.44510853
high,cluster,c3,c3,2032,household_income,297404624.58383137
high,cluster,c3,c3,2032,import_substitution,387504087.5
high,cluster,c3,c3,2032,exports,57472500.0
high,cluster,c3,c3,2032,imported_inputs,169971320.05
high,cluster,c3,c3,2032,forgone_exports,6925799.999999999
high,cluster,c3,c3,2032,net_fx,268079467.45
high,cluster,c3,c3,2032,jobs,24580.0
high,cluster,c3,c3,2032,investment,19070999.999999996
high,cluster,c3,c3,2032,capital_goods_imports,11442599.999999998
high,cluster,c3,c3,2032,tax_gross,19826974.972255427
high,cluster,c3,c3,2032,customs_forgone,9687602.1875
high,cluster,c3,c3,2032,tax_revenue,10139372.784755426
high,cluster,c3,c3,2032,net_fx,268079467.45
high,cluster,c4,c4,2028,volume,1575.0
high,cluster,c4,c4,2028,gross_output,23625000.0
high,cluster,c4,c4,2028,value_added,18900000.0
high,cluster,c4,c4,2028,indirect_va,3029906.25
high,cluster,c4,c4,2028,induced_va,9605482.23694558
high,cluster,c4,c4,2028,total_va,31535388.48694558
high,cluster,c4,c4,2028,household_income,23651541.365209185
high,cluster,c4,c4,2028,import_substitution,0.0
high,cluster,c4,c4,2028,exports,23625000.0
high,cluster,c4,c4,2028,imported_inputs,1181250.0
high,cluster,c4,c4,2028,forgone_exports,0.0
high,cluster,c4,c4,2028,net_fx,22443750.0
high,cluster,c4,c4,2028,jobs,4000.0
high,cluster,c4,c4,2028,investment,6250000.0
high,cluster,c4,c4,2028,capital_goods_imports,3750000.0
high,cluster,c4,c4,2028,tax_gross,1576769.4243472791
high,cluster,c4,c4,2028,customs_forgone,0.0
high,cluster,c4,c4,2028,tax_revenue,1576769.4243472791
high,cluster,c4,c4,2028,net_fx,22443750.0
high,cluster,c4,c4,2029,volume,3825.0
high,cluster,c4,c4,2029,gross_output,57375000.0
high,cluster,c4,c4,2029,value_added,45900000.0
high,cluster,c4,c4,2029,indirect_va,7358343.75
high,cluster,c4,c4,2029,induced_va,23327599.71829641
high,cluster,c4,c4,2029,total_va,76585943.46829641
high,cluster,c4,c4,2029,household_income,57439457.60122231
high,cluster,c4,c4,2029,import_substitution,0.0
high,cluster,c4,c4,2029,exports,57375000.0
high,cluster,c4,c4,2029,imported_inputs,2868750.0
high,cluster,c4,c4,2029,forgone_exports,0.0
high,cluster,c4,c4,2029,net_fx,54506250.0
high,cluster,c4,c4,2029,jobs,8000.0
high,cluster,c4,c4,2029,investment,6250000.0
high,cluster,c4,c4,2029,capital_goods_imports,3750000.0
high,cluster,c4,c4,2029,tax_gross,3829297.173414821
high,cluster,c4,c4,2029,customs_forgone,0.0
high,cluster,c4,c4,2029,tax_revenue,3829297.173414821
high,cluster,c4,c4,2029,net_fx,54506250.0
high,cluster,c4,c4,2030,volume,6075.0
high,cluster,c4,c4,2030,gross_output,91125000.0
high,cluster,c4,c4,2030,value_added,72900000.0
high,cluster,c4,c4,2030,indirect_va,11686781.25
high,cluster,c4,c4,2030,induced_va,37049717.19964724
high,cluster,c4,c4,2030,total_va,121636498.44964725
high,cluster,c4,c4,2030,household_income,91227373.83723544
high,cluster,c4,c4,2030,import_substitution,0.0
high,cluster,c4,c4,2030,exports,91125000.0
high,cluster,c4,c4,2030,imported_inputs,4556250.0
high,cluster,c4,c4,2030,forgone_exports,0.0
high,cluster,c4,c4,2030,net_fx,86568750.0
high,cluster,c4,c4,2030,jobs,12000.0
high,cluster,c4,c4,2030,investment,6250000.0
high,cluster,c4,c4,2030,capital_goods_imports,3750000.0
high,cluster,c4,c4,2030,tax_gross,6081824.922482363
high,cluster,c4,c4,2030,customs_forgone,0.0
high,cluster,c4,c4,2030,tax_revenue,6081824.922482363
high,cluster,c4,c4,2030,net_fx,86568750.0
high,cluster,c4,c4,2031,volume,7695.0
high,cluster,c4,c4,2031,gross_output,115425000.0
high,cluster,c4,c4,2031,value_added,92340000.0
high,cluster,c4,c4,2031,indirect_va,14803256.25
high,cluster,c4,c4,2031,induced_va,46929641.786219835
high,cluster,c4,c4,2031,total_va,154072898.03621984
high,cluster,c4,c4,2031,household_income,115554673.52716488
high,cluster,c4,c4,2031,import_substitution,0.0
high,cluster,c4,c4,2031,exports,115425000.0
high,cluster,c4,c4,2031,imported_inputs,5771250.0
high,cluster,c4,c4,2031,forgone_exports,0.0
high,cluster,c4,c4,2031,net_fx,109653750.0
high,cluster,c4,c4,2031,jobs,14400.0
high,cluster,c4,c4,2031,investment,3750000.0000000005
high,cluster,c4,c4,2031,capital_goods_imports,2250000.0
high,cluster,c4,c4,2031,tax_gross,7703644.9018109925
high,cluster,c4,c4,2031,customs_forgone,0.0
high,cluster,c4,c4,2031,tax_revenue,7703644.9018109925
high,cluster,c4,c4,2031,net_fx,109653750.0
high,cluster,c4,c4,2032,volume,8730.0
high,cluster,c4,c4,2032,gross_output,130950000.0
high,cluster,c4,c4,2032,value_added,104760000.0
high,cluster,c4,c4,2032,indirect_va,16794337.5
high,cluster,c4,c4,2032,induced_va,53241815.82764121
high,cluster,c4,c4,2032,total_va,174796153.32764122
high,cluster,c4,c4,2032,household_income,131097114.9957309
high,cluster,c4,c4,2032,import_substitution,0.0
high,cluster,c4,c4,2032,exports,130950000.0
high,cluster,c4,c4,2032,imported_inputs,6547500.0
high,cluster,c4,c4,2032,forgone_exports,0.0
high,cluster,c4,c4,2032,net_fx,124402500.0
high,cluster,c4,c4,2032,jobs,16000.0
high,cluster,c4,c4,2032,investment,2499999.9999999995
high,cluster,c4,c4,2032,capital_goods_imports,1499999.9999999998
high,cluster,c4,c4,2032,tax_gross,8739807.666382061
high,cluster,c4,c4,2032,customs_forgone,0.0
high,cluster,c4,c4,2032,tax_revenue,8739807.666382061
high,cluster,c4,c4,2032,net_fx,124402500.0
high,national,all,national,2028,volume,16650689.999999998
high,national,all,national,2028,gross_output,267840037.5
high,national,all,national,2028,value_added,82597598.125
high,national,all,national,2028,indirect_va,103825956.07124999
high,national,all,national,2028,induced_va,81655074.94498937
high,national,all,national,2028,total_va,268078629.14123935
high,national,all,national,2028,household_income,201058971.85592952
high,national,all,national,2028,import_substitution,100346968.75
high,national,all,national,2028,exports,156979812.5
high,national,all,national,2028,imported_inputs,38486028.875
high,national,all,national,2028,forgone_exports,11740093.75
high,national,all,national,2028,net_fx,207100658.625
high,national,all,national,2028,jobs,13066.25
high,national,all,national,2028,investment,92052500.0
high,national,all,national,2028,capital_goods_imports,55231500.0
high,national,all,national,2028,tax_gross,13403931.457061969
high,national,all,national,2028,customs_forgone,2508674.21875
high,national,all,national,2028,tax_revenue,10895257.238311969
high,national,all,national,2028,net_fx,207100658.625
high,national,all,national,2028,va_share_gdp,0.004894642315982171
high,macro,all,gdp,2028,gdp_usd,16875104000.0
high,climate,minigrid,minigrid,2028,mwh,20235.6
high,climate,minigrid,minigrid,2028,avoided_t,14893.4016
high,climate,minigrid,minigrid,2028,investment,13455000.0
high,climate,minigrid,minigrid,2028,cost_saving,10090818.729190772
high,climate,irrigation,irrigation,2028,avoided_t,7452.34
high,climate,irrigation,irrigation,2028,investment,4000000.0
high,climate,irrigation,irrigation,2028,fuel_saving,4200000.0
high,climate,waste,waste,2028,avoided_t,40162.49999999999
high,climate,waste,waste,2028,investment,2812500.0
high,climate,ebus,ebus,2028,avoided_t,3493.284375
high,climate,ebus,ebus,2028,investment,12500000.0
high,climate,cooking,cooking,2028,avoided_t,75987.45
high,climate,cooking,cooking,2028,stove_avoided_t,61850.25
high,climate,cooking,cooking,2028,stove_creditable_t,37110.15
high,climate,cooking,cooking,2028,pellet_avoided_t,14137.2
high,climate,cooking,cooking,2028,stoves_in_use,46856.25
high,climate,cooking,cooking,2028,household_saving,11595806.25
high,climate,cooking,cooking,2028,subsidy,1874250.0
high,climate,cooking,cooking,2028,investment,0.0
high,national,all,national,2029,volume,40437390.0
high,national,all,national,2029,gross_output,650468662.5
high,national,all,national,2029,value_added,200594166.875
high,national,all,national,2029,indirect_va,252148750.45875
high,national,all,national,2029,induced_va,198305182.0092599
high,national,all,national,2029,total_va,651048099.34301
high,national,all,national,2029,household_income,488286074.50725746
high,national,all,national,2029,import_substitution,243699781.25
high,national,all,national,2029,exports,381236687.5
high,national,all,national,2029,imported_inputs,93466070.125
high,national,all,national,2029,forgone_exports,28511656.25
high,national,all,national,2029,net_fx,502958742.375
high,national,all,national,2029,jobs,26132.5
high,national,all,national,2029,investment,92052500.0
high,national,all,national,2029,capital_goods_imports,55231500.0
high,national,all,national,2029,tax_gross,32552404.967150494
high,national,all,national,2029,customs_forgone,6092494.53125
high,national,all,national,2029,tax_revenue,26459910.435900502
high,national,all,national,2029,net_fx,502958742.375
high,national,all,national,2029,va_share_gdp,0.010937003908484167
high,macro,all,gdp,2029,gdp_usd,18340870000.0
high,climate,minigrid,minigrid,2029,mwh,49143.6
high,climate,minigrid,minigrid,2029,avoided_t,36169.6896
high,climate,minigrid,minigrid,2029,investment,13455000.0
high,climate,minigrid,minigrid,2029,cost_saving,24506274.056606162
high,climate,irrigation,irrigation,2029,avoided_t,18098.54
high,climate,irrigation,irrigation,2029,investment,4000000.0
high,climate,irrigation,irrigation,2029,fuel_saving,10200000.0
high,climate,waste,waste,2029,avoided_t,97537.49999999999
high,climate,waste,waste,2029,investment,2812500.0
high,climate,ebus,ebus,2029,avoided_t,8483.690625000001
high,climate,ebus,ebus,2029,investment,12500000.0
high,climate,cooking,cooking,2029,avoided_t,246391.2
high,climate,cooking,cooking,2029,stove_avoided_t,212058.0
high,climate,cooking,cooking,2029,stove_creditable_t,127234.79999999999
high,climate,cooking,cooking,2029,pellet_avoided_t,34333.200000000004
high,climate,cooking,cooking,2029,stoves_in_use,160650.0
high,climate,cooking,cooking,2029,household_saving,38703900.0
high,climate,cooking,cooking,2029,subsidy,4551750.0
high,climate,cooking,cooking,2029,investment,0.0
high,national,all,national,2030,volume,64224090.00000001
high,national,all,national,2030,gross_output,1033097287.5
high,national,all,national,2030,value_added,318590735.625
high,national,all,national,2030,indirect_va,400471544.84625006
high,national,all,national,2030,induced_va,314955289.0735305
high,national,all,national,2030,total_va,1034017569.5447805
high,national,all,national,2030,household_income,775513177.1585853
high,national,all,national,2030,import_substitution,387052593.75
high,national,all,national,2030,exports,605493562.5
high,national,all,national,2030,imported_inputs,148446111.375
high,national,all,national,2030,forgone_exports,45283218.75
high,national,all,national,2030,net_fx,798816826.125
high,national,all,national,2030,jobs,39198.75
high,national,all,national,2030,investment,92052500.0
high,national,all,national,2030,capital_goods_imports,55231500.0
high,national,all,national,2030,tax_gross,51700878.477239035
high,national,all,national,2030,customs_forgone,9676314.84375
high,national,all,national,2030,tax_revenue,42024563.63348903
high,national,all,national,2030,net_fx,798816826.125
high,national,all,national,2030,va_share_gdp,0.0160489465607936
high,macro,all,gdp,2030,gdp_usd,19851193000.0
high,climate,minigrid,minigrid,2030,mwh,78051.6
high,climate,minigrid,minigrid,2030,avoided_t,57445.977600000006
high,climate,minigrid,minigrid,2030,investment,13455000.0
high,climate,minigrid,minigrid,2030,cost_saving,38921729.38402156
high,climate,irrigation,irrigation,2030,avoided_t,28744.739999999998
high,climate,irrigation,irrigation,2030,investment,4000000.0
high,climate,irrigation,irrigation,2030,fuel_saving,16200000.0
high,climate,waste,waste,2030,avoided_t,154912.49999999997
high,climate,waste,waste,2030,investment,2812500.0
high,climate,ebus,ebus,2030,avoided_t,13474.096875000001
high,climate,ebus,ebus,2030,investment,12500000.0
high,climate,cooking,cooking,2030,avoided_t,505152.45
high,climate,cooking,cooking,2030,stove_avoided_t,450623.25
high,climate,cooking,cooking,2030,stove_creditable_t,270373.95
high,climate,cooking,cooking,2030,pellet_avoided_t,54529.200000000004
high,climate,cooking,cooking,2030,stoves_in_use,341381.25
high,climate,cooking,cooking,2030,household_saving,80872931.25
high,climate,cooking,cooking,2030,subsidy,7229250.0
high,climate,cooking,cooking,2030,investment,0.0
high,national,all,national,2031,volume,81350514.0
high,national,all,national,2031,gross_output,1308589897.5
high,national,all,national,2031,value_added,403548265.125
high,national,all,national,2031,indirect_va,507263956.80525
high,national,all,national,2031,induced_va,398943366.15980524
high,national,all,national,2031,total_va,1309755588.090055
high,national,all,national,2031,household_income,982316691.0675416
high,national,all,national,2031,import_substitution,490266618.75
high,national,all,national,2031,exports,766958512.5
high,national,all,national,2031,imported_inputs,188031741.075
high,national,all,national,2031,forgone_exports,57358743.75
high,national,all,national,2031,net_fx,1011834646.425
high,national,all,national,2031,jobs,47038.5
high,national,all,national,2031,investment,55231500.00000001
high,national,all,national,2031,capital_goods_imports,33138900.000000007
high,national,all,national,2031,tax_gross,65487779.404502764
high,national,all,national,2031,customs_forgone,12256665.46875
high,national,all,national,2031,tax_revenue,53231113.935752764
high,national,all,national,2031,net_fx,1011834646.425
high,national,all,national,2031,va_share_gdp,0.01835059417323954
high,macro,all,gdp,2031,gdp_usd,21991019000.0
high,climate,minigrid,minigrid,2031,mwh,98865.36
high,climate,minigrid,minigrid,2031,avoided_t,72764.90496
high,climate,minigrid,minigrid,2031,investment,8073000.000000002
high,climate,minigrid,minigrid,2031,cost_saving,49300857.219760634
high,climate,irrigation,irrigation,2031,avoided_t,36410.004
high,climate,irrigation,irrigation,2031,investment,2400000.0000000005
high,climate,irrigation,irrigation,2031,fuel_saving,20520000.0
high,climate,waste,waste,2031,avoided_t,196222.49999999997
high,climate,waste,waste,2031,investment,1687500.0000000005
high,climate,ebus,ebus,2031,avoided_t,17067.189375
high,climate,ebus,ebus,2031,investment,7500000.000000001
high,climate,cooking,cooking,2031,avoided_t,821876.22
high,climate,cooking,cooking,2031,stove_avoided_t,752805.9
high,climate,cooking,cooking,2031,stove_creditable_t,451683.54
high,climate,cooking,cooking,2031,pellet_avoided_t,69070.31999999999
high,climate,cooking,cooking,2031,stoves_in_use,570307.5
high,climate,cooking,cooking,2031,household_saving,133464577.5
high,climate,cooking,cooking,2031,subsidy,9157050.0
high,climate,cooking,cooking,2031,investment,0.0
high,national,all,national,2032,volume,92292396.0
high,national,all,national,2032,gross_output,1484599065.0
high,national,all,national,2032,value_added,457826686.75
high,national,all,national,2032,indirect_va,575492442.2235
high,national,all,national,2032,induced_va,452602415.4093697
high,national,all,national,2032,total_va,1485921544.38287
high,national,all,national,2032,household_income,1114441158.2871523
high,national,all,national,2032,import_substitution,556208912.5
high,national,all,national,2032,exports,870116675.0
high,national,all,national,2032,imported_inputs,213322560.05
high,national,all,national,2032,forgone_exports,65073662.5
high,national,all,national,2032,net_fx,1147929364.95
high,national,all,national,2032,jobs,52265.0
high,national,all,national,2032,investment,36820999.99999999
high,national,all,national,2032,capital_goods_imports,22092599.999999993
high,national,all,national,2032,tax_gross,74296077.21914348
high,national,all,national,2032,customs_forgone,13905222.8125
high,national,all,national,2032,tax_revenue,60390854.40664348
high,national,all,national,2032,net_fx,1147929364.95
high,national,all,national,2032,va_share_gdp,0.018792925389283593
high,macro,all,gdp,2032,gdp_usd,24361650848.2
high,climate,minigrid,minigrid,2032,mwh,112163.04
high,climate,minigrid,minigrid,2032,avoided_t,82551.99743999999
high,climate,minigrid,minigrid,2032,investment,5381999.999999998
high,climate,minigrid,minigrid,2032,cost_saving,55931966.67037171
high,climate,irrigation,irrigation,2032,avoided_t,41307.256
high,climate,irrigation,irrigation,2032,investment,1599999.9999999995
high,climate,irrigation,irrigation,2032,fuel_saving,23280000.0
high,climate,waste,waste,2032,avoided_t,222614.99999999994
high,climate,waste,waste,2032,investment,1124999.9999999998
high,climate,ebus,ebus,2032,avoided_t,19362.77625
high,climate,ebus,ebus,2032,investment,4999999.999999999
high,climate,cooking,cooking,2032,avoided_t,1173993.48
high,climate,cooking,cooking,2032,stove_avoided_t,1095633.0
high,climate,cooking,cooking,2032,stove_creditable_t,657379.7999999999
high,climate,cooking,cooking,2032,pellet_avoided_t,78360.48
high,climate,cooking,cooking,2032,stoves_in_use,830025.0
high,climate,cooking,cooking,2032,household_saving,192593085.0
high,climate,cooking,cooking,2032,subsidy,10388700.0
high,climate,cooking,cooking,2032,investment,0.0
high,climate,minigrid,minigrid,,cost_per_t,-677.5362002721241
high,climate,irrigation,irrigation,,cost_per_t,-525.3133667137005
high,climate,waste,waste,,cost_per_t,4.592097012351379
high,climate,ebus,ebus,,cost_per_t,-466.48026909853536
high,climate,cooking,cooking,,cost_per_t,-160.96755853913498
